INSERT INTO auth.users (
    instance_id,
    id,
    aud,
    role,
    email,
    encrypted_password,
    email_confirmed_at,
    invited_at,
    confirmation_token,
    confirmation_sent_at,
    recovery_token,
    recovery_sent_at,
    email_change_token_new,
    email_change,
    email_change_sent_at,
    last_sign_in_at,
    raw_app_meta_data,
    raw_user_meta_data,
    is_super_admin,
    created_at,
    updated_at,
    phone,
    phone_confirmed_at,
    phone_change,
    phone_change_token,
    phone_change_sent_at,
    email_change_token_current,
    email_change_confirm_status,
    banned_until,
    reauthentication_token,
    reauthentication_sent_at,
    is_sso_user,
    deleted_at,
    is_anonymous
  )
VALUES (
    'f65744e5-3da2-5ef2-b8f5-9d5d14dd189c',
    '2ab41437-a232-5364-8d8c-afd7e592f769',
    'Aut ferre ut plane ut hoc liquidem vitam.',
    'Ad atest dolenda natura libidista.',
    'Rahsaan49@gmail.com',
    'Ferens quid faciam et existi nomin, ipsa de probo eam pectam.',
    '2020-02-02T01:57:32.000Z',
    '2020-07-23T18:39:07.000Z',
    'Cum quaerimpetum vita posse complexionem voluptatem cogitia ipsi.',
    '2020-11-03T22:53:58.000Z',
    'Ea ideritos inter ceditiones apudo est nisi quodsi, sit dubio acundum eum inter voluptate quosque cum.',
    '2020-04-28T15:32:14.000Z',
    'Disputo si are quod adhibensa ut constantia inem.',
    'Eo recte antestibi ut stoicis quos, corporis tem erimpedir quam genus.',
    '2020-09-17T08:37:45.000Z',
    '2020-02-26T13:51:04.000Z',
    '{"Sit":"Malum dissententiam epicultas"}',
    '{}',
    't',
    '2020-11-27T10:51:13.000Z',
    '2020-03-15T14:08:32.000Z',
    DEFAULT,
    '2020-08-28T19:47:33.000Z',
    DEFAULT,
    DEFAULT,
    '2020-01-05T12:39:42.000Z',
    DEFAULT,
    DEFAULT,
    '2020-02-18T13:30:32.000Z',
    DEFAULT,
    '2020-02-02T13:13:22.000Z',
    DEFAULT,
    '2020-11-03T10:22:38.000Z',
    DEFAULT
  ),
  (
    'b30cdf95-f0eb-55e7-bcc7-fdc4591c9213',
    '626a24b8-390a-5ee8-911e-8f27606774ee',
    'Non de venire neque aetatum quam nostra aut.',
    'Enime missum vitae sentinendum non sent, pars torum omnisi paritum aut rerum est in.',
    'Kathlyn9@yahoo.com',
    'Est propterentur inveniam legensione omnium recorum ad democare, quod eo motum integre et.',
    '2020-05-05T04:29:36.000Z',
    '2020-08-12T07:57:25.000Z',
    'Iustitia perdidicur consecum ini praesenti nullo nemornatur ne, sapiendum dolorumque quae indus voluptatem non et.',
    '2020-04-28T15:37:50.000Z',
    'Nihilla quanta mediocrium patriam augerenim quia disciplinae consummum.',
    '2020-01-21T12:28:18.000Z',
    'Cyrenaicosop ratio cupiditos per ut eorum.',
    'Tur essariae allicetur ine e legera.',
    '2020-03-19T14:53:13.000Z',
    '2020-04-28T15:36:54.000Z',
    '{"Totam":"Epici modo habeat"}',
    '{}',
    't',
    '2020-01-17T12:50:50.000Z',
    '2020-07-19T18:53:23.000Z',
    DEFAULT,
    '2020-07-23T19:01:08.000Z',
    DEFAULT,
    DEFAULT,
    '2020-05-01T04:18:28.000Z',
    DEFAULT,
    DEFAULT,
    '2020-11-03T22:14:07.000Z',
    DEFAULT,
    '2020-10-10T09:20:28.000Z',
    DEFAULT,
    '2020-11-03T10:12:08.000Z',
    DEFAULT
  ),
  (
    'c002052e-4b80-50f7-944d-c1022a1fe5bb',
    '27e06a43-b02f-5e5c-95d4-37a17593a858',
    'Iudicural cum inveniam quo tale, in omnisi aliae possima ime lucille.',
    'Toleritat restat cum esse et.',
    'Althea89@yahoo.com',
    'Suam ad incomplura sic seiunctum ut quae egregultim.',
    '2020-09-09T08:32:50.000Z',
    '2020-03-11T14:17:54.000Z',
    'Id ullus efficiandae rebus reprehenim.',
    '2020-03-27T02:38:55.000Z',
    'Praetoraret publicitat etur praeteratque omnis.',
    '2020-12-25T00:02:46.000Z',
    'Tamendi aut consecut caret inveneret, aliosamic ano natur omorum nihilis es.',
    'Quam probest endum in eratur feratticiam.',
    '2020-03-03T14:25:21.000Z',
    '2020-03-19T14:23:45.000Z',
    '{"Sint":"Vero velinferat"}',
    '{}',
    'f',
    '2020-05-09T16:28:57.000Z',
    '2020-03-19T02:04:17.000Z',
    DEFAULT,
    '2020-05-21T16:53:37.000Z',
    DEFAULT,
    DEFAULT,
    '2020-11-19T22:38:51.000Z',
    DEFAULT,
    DEFAULT,
    '2020-09-05T20:09:28.000Z',
    DEFAULT,
    '2020-03-27T03:01:10.000Z',
    DEFAULT,
    '2020-11-19T10:53:25.000Z',
    DEFAULT
  ),
  (
    '79193d22-594e-5c02-8001-baa7ae7a9da4',
    '54f26116-0c9b-5ff3-9437-72eb1d37fa00',
    'Imiae tum hosti inum si, sentenenim suo ocritus veri consulatom cum quibus tradiditat.',
    'His ex est d nonne et possimi fungimus.',
    'Monserrat17@hotmail.com',
    'Ari a non satis in aut detracto tuum, partestibus plus aut iucundius natura.',
    '2020-11-15T10:36:27.000Z',
    '2020-08-20T07:26:19.000Z',
    'Seritura nomin hic derepicia nec timumus quae, am iucunt debiliarum salut nec a non quod.',
    '2020-07-03T06:42:30.000Z',
    'Ex sublat sic vita ari voluptatem.',
    '2020-07-07T07:04:22.000Z',
    'Si praeter quidemque tota solid ad asperangor non.',
    'Itia magistunae omnes et quisitia, alem a et quod intem praesens ad.',
    '2020-03-03T02:40:44.000Z',
    '2020-06-10T17:17:17.000Z',
    '{"Quid":"Quam liberos"}',
    '{}',
    't',
    '2020-09-09T20:19:20.000Z',
    '2020-09-05T08:37:12.000Z',
    DEFAULT,
    '2020-03-03T02:43:17.000Z',
    DEFAULT,
    DEFAULT,
    '2020-09-21T20:35:51.000Z',
    DEFAULT,
    DEFAULT,
    '2020-01-13T00:44:43.000Z',
    DEFAULT,
    '2020-06-18T17:31:17.000Z',
    DEFAULT,
    '2020-12-12T12:14:28.000Z',
    DEFAULT
  ),
  (
    '7260f120-5400-5919-8830-f9daf522a331',
    '7c5c51d1-dfbb-5694-a394-c977368c624d',
    'Cum comprobantiam etiam et malis est falso desere.',
    'Physicis melius inangatur faciendi vel credo, arem oporum praesid neque beatae.',
    'Elisha.Schuster39@hotmail.com',
    'Tractatem quae posidendi et entum liberea.',
    '2020-09-05T09:01:54.000Z',
    '2020-07-19T18:26:00.000Z',
    'Etiam ut arum nos docet tractate vero.',
    '2020-02-02T13:28:31.000Z',
    'Il quorum saepe consequant nos quae affere vire.',
    '2020-08-12T19:39:49.000Z',
    'Inesse endum ignoratque vel se quicquam illa, disputanim parentur ab semperdiscip hoc.',
    'Non il sent temporisque triarius, et quod sed notisque privatistam.',
    '2020-12-28T23:18:06.000Z',
    '2020-12-08T11:37:34.000Z',
    '{"De":"Si finibus"}',
    '{}',
    'f',
    '2020-12-12T11:48:01.000Z',
    '2020-02-18T01:13:18.000Z',
    DEFAULT,
    '2020-05-17T16:55:05.000Z',
    DEFAULT,
    DEFAULT,
    '2020-05-17T16:55:54.000Z',
    DEFAULT,
    DEFAULT,
    '2020-07-15T18:33:37.000Z',
    DEFAULT,
    '2020-10-14T21:15:38.000Z',
    DEFAULT,
    '2020-09-09T21:04:32.000Z',
    DEFAULT
  ),
  (
    'b437e1ed-50fd-538a-b277-18e48dec22bf',
    'bdcd62e5-fa47-5d89-963c-2a88d91e8608',
    'Concedo sed et maiora conquirerun sit compartis tamendas, parat melius esse a eumque.',
    'Et nihille scribent inum degenti an defat dolorumquam.',
    'Waino.Little@yahoo.com',
    'Ac utionis indignitat non et hoc esse.',
    '2020-06-10T05:56:54.000Z',
    '2020-12-04T23:57:33.000Z',
    'Extremum hunc quanto totelabis itur omnisi distinguantur, nulla sit laetita tranquillitur verum.',
    '2020-08-24T07:07:23.000Z',
    'Non ut autem mihi neque, efficiatur physicis pacuvii totel arum repugnantur qui relin.',
    '2020-12-12T23:26:41.000Z',
    'Aut si utanime epicur iis stoicis sint.',
    'Quod contentiam entem ea ponitura sensusciper, positias satis splendidiscun etudines affecto saepe mea abit.',
    '2020-11-23T22:43:21.000Z',
    '2020-07-07T06:55:59.000Z',
    '{"Ad":"Diis dictum"}',
    '{}',
    'f',
    '2020-09-01T08:17:06.000Z',
    '2020-04-24T03:48:57.000Z',
    DEFAULT,
    '2020-06-10T17:20:40.000Z',
    DEFAULT,
    DEFAULT,
    '2020-07-19T06:54:54.000Z',
    DEFAULT,
    DEFAULT,
    '2020-11-19T22:45:02.000Z',
    DEFAULT,
    '2020-09-25T08:26:35.000Z',
    DEFAULT,
    '2020-03-07T02:04:05.000Z',
    DEFAULT
  ),
  (
    '7ca5990d-8f04-593e-bdff-8df060a92faa',
    '5e027a4d-ecd6-5639-8996-e7c2df93e0b1',
    'Quae dixista contra et satis, cum inter et bonorit depravatem.',
    'Quae peccanestias aperam coercens serunde ate, facilit ines disputo tandemoctav efacceder.',
    'Theresa_Fadel29@hotmail.com',
    'Notionem sinatus non tamquam quibus, dolerabis metu semelli se theophrasti tamendisplic.',
    '2020-07-15T18:42:42.000Z',
    '2020-12-24T12:03:08.000Z',
    'Multa cum etit ius facillum.',
    '2020-02-06T01:50:22.000Z',
    'Propter natur panaetatque ur utatque endiscorpus ad laborum, ire vivenimas sunt quo interae tant nulla dicatione.',
    '2020-09-25T20:25:39.000Z',
    'Partes desid est minus non acest quae.',
    'Qua solum aegritudian alios en.',
    '2020-07-03T06:22:14.000Z',
    '2020-12-24T11:15:49.000Z',
    '{"Repellatin":"Tu ano recore"}',
    '{}',
    't',
    '2020-11-03T10:35:13.000Z',
    '2020-09-01T20:35:44.000Z',
    DEFAULT,
    '2020-06-26T05:56:00.000Z',
    DEFAULT,
    DEFAULT,
    '2020-10-26T22:12:42.000Z',
    DEFAULT,
    DEFAULT,
    '2020-05-21T16:37:26.000Z',
    DEFAULT,
    '2020-08-16T19:25:33.000Z',
    DEFAULT,
    '2020-02-14T01:32:27.000Z',
    DEFAULT
  ),
  (
    '3d19c254-d8dd-5193-bd62-08f594109c29',
    '11e5fd45-a6d5-50a8-b6ba-34c3e1a835e3',
    'Viti qua priven obruamus ant commensae quae, ulaturo sunt is quas aboris antes.',
    'Quae et causa quisquam tum ipso ulatione huic.',
    'Zola.Rempel97@yahoo.com',
    'Pore vestra praesidium hones eam nudus habentaeque, si dolor quarum est distinerta de rerum.',
    '2020-02-10T13:49:52.000Z',
    '2020-11-23T22:19:56.000Z',
    'Afficere praeterem vel civibus stabillas negent.',
    '2020-04-28T03:17:12.000Z',
    'Es familla nudus his quos.',
    '2020-08-08T20:10:31.000Z',
    'Si anum vel omnia sum alique etiam.',
    'Dum multo aut conficitur deinde, quae quibus eo amus de integris disputani.',
    '2020-05-17T16:48:12.000Z',
    '2020-04-28T03:18:58.000Z',
    '{"Quiddam":"Il voluptatum in"}',
    '{}',
    't',
    '2020-11-19T22:20:55.000Z',
    '2020-11-27T10:23:58.000Z',
    DEFAULT,
    '2020-02-06T14:00:45.000Z',
    DEFAULT,
    DEFAULT,
    '2020-10-26T21:48:06.000Z',
    DEFAULT,
    DEFAULT,
    '2020-02-06T13:41:31.000Z',
    DEFAULT,
    '2020-07-07T06:08:26.000Z',
    DEFAULT,
    '2020-11-15T11:08:44.000Z',
    DEFAULT
  ),
  (
    '2cffa4f5-918e-59f7-afbb-dbab647758f0',
    'd7b350c9-3b7a-50a4-98e0-d3a9b640ebbd',
    'Et fabulassid epicitaq pora factis ime et graecosophor.',
    'Cupid omnium numquam item vitiis.',
    'Lawrence74@gmail.com',
    'Spectum tria docet voluptatem non, distinenim habeat afferreum e entur cum postulandro.',
    '2020-05-09T04:40:50.000Z',
    '2020-09-17T08:23:18.000Z',
    'Dicem constituamus quasi in quod ant aequit rebus, est maeroris summum doctior cura prohibus hominatque quam.',
    '2020-01-13T12:24:33.000Z',
    'Soliderti potes ii fidet aut parata, est videat latin patrioque quae.',
    '2020-06-22T17:41:08.000Z',
    'Elab sit amicur inum nos.',
    'Enta modum nam arbitratio rebus malo eitamur idemus.',
    '2020-02-14T01:25:20.000Z',
    '2020-12-16T23:34:06.000Z',
    '{"Dixitasper":"Partes legam"}',
    '{}',
    't',
    '2020-01-09T12:15:03.000Z',
    '2020-06-10T18:01:26.000Z',
    DEFAULT,
    '2020-10-18T21:15:07.000Z',
    DEFAULT,
    DEFAULT,
    '2020-01-25T00:44:20.000Z',
    DEFAULT,
    DEFAULT,
    '2020-11-03T10:50:29.000Z',
    DEFAULT,
    '2020-04-20T03:18:43.000Z',
    DEFAULT,
    '2020-10-18T21:15:00.000Z',
    DEFAULT
  ),
  (
    '2be94780-e632-51ff-a7fd-21f41a5f17d2',
    'c846dca1-d8db-5a88-b21e-69fb1e0597a6',
    'Ipso qui ab effectumel disputantium, exis solid quod igimpeten qualisse debem.',
    'Tur guberim se studium audiebamet.',
    'Gayle44@gmail.com',
    'Ut norant nam quaeritatur ut.',
    '2020-02-22T01:53:47.000Z',
    '2020-09-21T20:24:46.000Z',
    'Titudinan utillus eo desper putarbitror praeterab et, nihil fruuntur plena at are exhorum flagit ad.',
    '2020-01-21T00:04:39.000Z',
    'Vitam pectantum erudin iuvarum mortis levam, opore qua enim ignotis ei animi.',
    '2020-10-18T09:59:02.000Z',
    'Est facille fugienti quod feceri.',
    'Dolorem nulla quae munita ipsum nec, nobis laborem corporrecta ipsum non.',
    '2020-01-21T00:13:51.000Z',
    '2020-11-15T10:51:57.000Z',
    '{"Profectram":"Quod physicisque"}',
    '{}',
    'f',
    '2020-02-22T01:44:14.000Z',
    '2020-09-01T09:02:53.000Z',
    DEFAULT,
    '2020-07-11T18:39:23.000Z',
    DEFAULT,
    DEFAULT,
    '2020-12-04T12:00:55.000Z',
    DEFAULT,
    DEFAULT,
    '2020-03-11T14:56:14.000Z',
    DEFAULT,
    '2020-06-22T17:32:30.000Z',
    DEFAULT,
    '2020-10-02T21:21:29.000Z',
    DEFAULT
  );
INSERT INTO public.profiles (id, username, avatar_url, created_at, updated_at)
VALUES (
    '2ab41437-a232-5364-8d8c-afd7e592f769',
    'Mollitatis laudanime sane vel fruunturpe eo sed, chrysippi acundiae cum melius involuptat omitura aut oribus.',
    'Es rerum mediocritud ruinae ea locum dis.',
    DEFAULT,
    DEFAULT
  ),
  (
    '626a24b8-390a-5ee8-911e-8f27606774ee',
    'Dicamus neque sed fortunamplif si extremo.',
    'Statuamurban mediocris liquid ut nos epicis ad iis.',
    DEFAULT,
    DEFAULT
  ),
  (
    '27e06a43-b02f-5e5c-95d4-37a17593a858',
    'Malinistun provoccultar es philos posse voluptatum omnino, monstret nullam ea quaerendum solit malortum.',
    'As fieri esse vel quid nobis utriusque.',
    DEFAULT,
    DEFAULT
  ),
  (
    '54f26116-0c9b-5ff3-9437-72eb1d37fa00',
    'Elego in seiungi homini ore eo huc, vita reperet patre cognitione mens.',
    'Avit inimiti et fore nosque quoniam nos natur, quaedam alia antibus ut quas ocritation finit veniaturnum.',
    DEFAULT,
    DEFAULT
  ),
  (
    '7c5c51d1-dfbb-5694-a394-c977368c624d',
    'Imo sine qui statuatur autem nullustriora.',
    'Quid posse inis voluptas ultimum hoc pertur, necesto sequit exis escerte explicem.',
    DEFAULT,
    DEFAULT
  ),
  (
    'bdcd62e5-fa47-5d89-963c-2a88d91e8608',
    'Ego id quarumquam dicitur semperii et, quam si minus es quicquam gravis ea.',
    'As sed libidit choro quoque.',
    DEFAULT,
    DEFAULT
  ),
  (
    '5e027a4d-ecd6-5639-8996-e7c2df93e0b1',
    'Il verbis perum consequeret apeiriant sabinquamvis hominum aliqui, in illis habeatur inscientia mihi evendam vix esse.',
    'Rerum legamorib es omnisi quae, esse pacto fuisse plane percipi modo natur eius.',
    DEFAULT,
    DEFAULT
  ),
  (
    '11e5fd45-a6d5-50a8-b6ba-34c3e1a835e3',
    'Omnemo it dici et locuptate iactare, autem ad neces iliustius est corpore.',
    'Paene epicare distinax quam cum defen quod.',
    DEFAULT,
    DEFAULT
  ),
  (
    'd7b350c9-3b7a-50a4-98e0-d3a9b640ebbd',
    'Vivatur videat ipsos nisi videt commodo.',
    'Ad quodsi hoc neque corpore tanta dici, hunc latur ut maiorum quorum certe ut cerem.',
    DEFAULT,
    DEFAULT
  ),
  (
    'c846dca1-d8db-5a88-b21e-69fb1e0597a6',
    'Manum es sapiendum notione sapiendum ut, dicernum ne consensus doleris eorum levitate autem a.',
    'Et physici celertamen ilitura efficiat, romant delectatis exis et igionis.',
    DEFAULT,
    DEFAULT
  );
INSERT INTO public.tournaments (
    id,
    creator_id,
    title,
    description,
    max_participants,
    registration_open,
    created_at,
    updated_at
  )
VALUES (
    'dd994b58-ce0d-58f2-b6ad-1773be1fad84',
    '626a24b8-390a-5ee8-911e-8f27606774ee',
    'Tournament 1',
    'Quae cordiae refugiendus hostemerir referitat sedulatque vis studio',
    8,
    't',
    DEFAULT,
    DEFAULT
  ),
  (
    '1c9c3e1d-84da-5a3b-bc13-2d4eda92ebbb',
    'bdcd62e5-fa47-5d89-963c-2a88d91e8608',
    'Quo dissentiunt solum reprehenim mihi ea plus, acuna aut bent referrito cruciandae.',
    'Qui voluptas tur vulgo voluptates manu.',
    38049,
    DEFAULT,
    DEFAULT,
    DEFAULT
  ),
  (
    '579ce975-b927-5997-9427-c2cbf441245b',
    '5e027a4d-ecd6-5639-8996-e7c2df93e0b1',
    'Deterae causa et timum eum.',
    'Utamus solidit quodsi si quod.',
    55550,
    DEFAULT,
    DEFAULT,
    DEFAULT
  ),
  (
    '6307d113-a7a8-54ff-a4da-9da02a9c76b8',
    '5e027a4d-ecd6-5639-8996-e7c2df93e0b1',
    'Int esse potesse eodem a.',
    'Singulistim is dolor vias angatura currunt fortitudin.',
    37876,
    DEFAULT,
    DEFAULT,
    DEFAULT
  ),
  (
    'b0a0cf89-f5b3-5540-b6b5-0e4bf56406e3',
    'c846dca1-d8db-5a88-b21e-69fb1e0597a6',
    'Cuius hanc qui praetoribus iactantalo libid.',
    'Aut diceritat eumque hoc vare laetamur pro quanti.',
    60923,
    DEFAULT,
    DEFAULT,
    DEFAULT
  ),
  (
    '3a6af250-bee5-57a5-8e72-bafd7133eeeb',
    '626a24b8-390a-5ee8-911e-8f27606774ee',
    'Opore quidem quae recta eret iudexpetat appellant dissententiae, necest democritud dem nisi eturo corrigerit.',
    'Numeret ob voluptatem et etur potest, iudicurnit et scipio inate nisi.',
    59458,
    DEFAULT,
    DEFAULT,
    DEFAULT
  ),
  (
    '21196709-bc2c-56d9-bc95-5088c3665a31',
    '27e06a43-b02f-5e5c-95d4-37a17593a858',
    'Sed consequuntur est incorporib nam quod viriscunt isque, sive et idendum qui nihil.',
    'Faciam en non delectissim dolore dolorum.',
    27707,
    DEFAULT,
    DEFAULT,
    DEFAULT
  ),
  (
    '8e83f9cd-01bf-57e3-ac61-0d9acea49cdd',
    '27e06a43-b02f-5e5c-95d4-37a17593a858',
    'Defendi andissentiar et itate omnino reperta et non, homin at dere diligita esse sed se sed.',
    'Docer vel ratio faceten utrum, eamus cum se dixerum non ipso id magnum.',
    13170,
    DEFAULT,
    DEFAULT,
    DEFAULT
  ),
  (
    '018bf51b-b859-554b-8027-7862d0f0bf57',
    '7c5c51d1-dfbb-5694-a394-c977368c624d',
    'Et ineste nos consequerun vim et tibus, qui opem mea in malorios.',
    'Quaerens et recte torquato ex, deorum intellegan aris volunt si inibus quam.',
    56829,
    DEFAULT,
    DEFAULT,
    DEFAULT
  ),
  (
    '503a39fb-36cc-580c-8c63-6f9a6e0b5924',
    '626a24b8-390a-5ee8-911e-8f27606774ee',
    'Nihil communeret ate corrupte adophia fugiat ad antestibus, minus et possit ad aut.',
    'Quid et quippiam probare salut cum prompta, inter lat nominter sed ferenda.',
    27121,
    DEFAULT,
    DEFAULT,
    DEFAULT
  ),
  (
    'e93d5016-e3f6-568f-a5c3-d6e6a4bb199b',
    '54f26116-0c9b-5ff3-9437-72eb1d37fa00',
    'Momentum iusque dici est autemus rationemus, videant non et iudicur res philos eret transferre.',
    'Praestabil stultorquatus restatem nec atomnisi am, minusque conferebo tum sent fugiat genus offendit.',
    21596,
    DEFAULT,
    DEFAULT,
    DEFAULT
  ),
  (
    '3808e8f9-ac14-5f65-b386-24c0731e646f',
    '626a24b8-390a-5ee8-911e-8f27606774ee',
    'Tournament 2',
    'Erenim finituram depravarguer bonis constringeniis',
    8,
    'f',
    DEFAULT,
    DEFAULT
  ),
  (
    'd58da09b-7be4-5690-8662-a7856db6c959',
    '2ab41437-a232-5364-8d8c-afd7e592f769',
    'Aequit mihi aretiam totamotios sale athenis exissimam.',
    'Ratione magni quid didicus imi de debitat de.',
    18623,
    DEFAULT,
    DEFAULT,
    DEFAULT
  ),
  (
    '6f1ba61c-3da5-56e0-992b-4bd02d12269f',
    '54f26116-0c9b-5ff3-9437-72eb1d37fa00',
    'Quam quaerendamus quid qua quae et hoc, ac delecto nollem natur poterration.',
    'Non cepis et etiam orestia voluptatos, necesse summum lat libro hoc ex sed multa.',
    53754,
    DEFAULT,
    DEFAULT,
    DEFAULT
  ),
  (
    '6f3ef896-3abc-5562-9da2-a94cd71ad56d',
    '5e027a4d-ecd6-5639-8996-e7c2df93e0b1',
    'Tam desid ans bonum haec declare exeret.',
    'Aut videamus contum orem relique vos perication autem, quod moribus statimis est inquit inter spatio nis.',
    16876,
    DEFAULT,
    DEFAULT,
    DEFAULT
  ),
  (
    'a0993e11-ec36-5f82-b426-b98664f60e08',
    '27e06a43-b02f-5e5c-95d4-37a17593a858',
    'Fici primore aut rebus arista viverea intellegen, ini atis nostram se atione.',
    'Intelleger dolore declineam en sunt uberitio.',
    19387,
    DEFAULT,
    DEFAULT,
    DEFAULT
  ),
  (
    '91d0f2ca-a6e7-5618-a039-b8dbe294fcb6',
    '7c5c51d1-dfbb-5694-a394-c977368c624d',
    'Nobis etur omnisi aut vacaret certe est.',
    'Factissimil nollem et discipio maiores eius verbis, voluptatas idit divin a quibus orum.',
    38393,
    DEFAULT,
    DEFAULT,
    DEFAULT
  ),
  (
    '22b12823-b496-5668-a890-5cb648919d81',
    '7c5c51d1-dfbb-5694-a394-c977368c624d',
    'Nihil falsariae constituam inter potesse vias cum.',
    'Si philos levitiisque praetore qua negenimi officitat.',
    32782,
    DEFAULT,
    DEFAULT,
    DEFAULT
  ),
  (
    '7f281de0-a00a-504b-a65f-433dfadd413c',
    '7c5c51d1-dfbb-5694-a394-c977368c624d',
    'Futur non maledicis triarium placet semperio seditural et, extremum voluptatem voluptate abillam id iam.',
    'Ac voluptatem vis latinere ut andae modo quibus, labefflueret adiit hostis perpeter multo.',
    946,
    DEFAULT,
    DEFAULT,
    DEFAULT
  ),
  (
    'cee384aa-9038-5d6b-860f-2d9f53049c33',
    'bdcd62e5-fa47-5d89-963c-2a88d91e8608',
    'Si dicerno detractio cernimis satis meminter tur saepe.',
    'Ad haec me ilitionem iudicur, directis in ident voluptatem nus audiveriun solumus quodsi.',
    9504,
    DEFAULT,
    DEFAULT,
    DEFAULT
  ),
  (
    'cc1e50a7-382c-5935-bfb7-46cc793a6d10',
    '7c5c51d1-dfbb-5694-a394-c977368c624d',
    'Versatis quale etsi si rerum voluptatib beate molest.',
    'Duxitur vitae vincernantib quia en quidemus, si aut et quidem ut sit mediocritud.',
    18371,
    DEFAULT,
    DEFAULT,
    DEFAULT
  ),
  (
    '1fe358f6-5d56-59ea-82de-2e3de8f73663',
    '2ab41437-a232-5364-8d8c-afd7e592f769',
    'Quasi ultima esto est numquam eo futuros, consolid quanto si est numquam vivatione corporibus.',
    'Propterum sustulis iderque romanimum quae, ut consecut dicunditat etiam quod dicen in.',
    41544,
    DEFAULT,
    DEFAULT,
    DEFAULT
  ),
  (
    'a3cf2b31-122f-5493-bbf5-2406005ce94f',
    '626a24b8-390a-5ee8-911e-8f27606774ee',
    'Tournament 3',
    'Conspiratrum posse nus',
    8,
    'f',
    DEFAULT,
    DEFAULT
  ),
  (
    '6fe324f5-eafb-5b86-9ff6-6db1761d5801',
    '27e06a43-b02f-5e5c-95d4-37a17593a858',
    'A ut solem est mollitter fuit antibi, nec aegritudin petentur ferenimad il.',
    'Cibo appetenim cur solet quem nasci fit.',
    2945,
    DEFAULT,
    DEFAULT,
    DEFAULT
  ),
  (
    'b65d1181-0b81-53d8-a956-ffaf88ead371',
    'c846dca1-d8db-5a88-b21e-69fb1e0597a6',
    'Efficiis esse quidem totam modi.',
    'De potesse est eodem uti.',
    13257,
    DEFAULT,
    DEFAULT,
    DEFAULT
  ),
  (
    '99aa8fdc-5e76-53df-af57-721413105642',
    '626a24b8-390a-5ee8-911e-8f27606774ee',
    'Concessio ad platone iis firmatis erit.',
    'Ea omni atius ati recore et, sapientiam en nomin degendum stoici natur.',
    5616,
    DEFAULT,
    DEFAULT,
    DEFAULT
  ),
  (
    '8409ae06-5efd-5ebc-a70d-b3c5fd57e5ca',
    'bdcd62e5-fa47-5d89-963c-2a88d91e8608',
    'In efficiles cendarum beatae in atis, fugiena forte tute conclusae plus iturei.',
    'Utrum quondam abilla hoc am infanti est habeat.',
    4704,
    DEFAULT,
    DEFAULT,
    DEFAULT
  ),
  (
    '5754ed10-4b5c-54c2-9ebd-a2c6480843bb',
    '11e5fd45-a6d5-50a8-b6ba-34c3e1a835e3',
    'Iuberum adiuntque bonum miseritur ile medium posse.',
    'Voluptatis sed suas credo dialecce putas eum, eritur sus quem tamendi poetis frequendare quo.',
    64307,
    DEFAULT,
    DEFAULT,
    DEFAULT
  ),
  (
    'd2fa4542-eb63-5ba9-bace-6b8e4fed6416',
    'c846dca1-d8db-5a88-b21e-69fb1e0597a6',
    'Philosoptim expressas victi est vivent, numendisser quidem res deinde sanosophiae ea.',
    'Laborem ac invidi ea quod conveniuntur quia.',
    5255,
    DEFAULT,
    DEFAULT,
    DEFAULT
  ),
  (
    '8abbe342-da35-5cf3-b317-fa9cfd8943cb',
    '27e06a43-b02f-5e5c-95d4-37a17593a858',
    'Sis sibus nes philos causa sit, uti timum neglegerit hoc endas numquam.',
    'Sunt placet nacti cum quam status.',
    2058,
    DEFAULT,
    DEFAULT,
    DEFAULT
  ),
  (
    'c786520e-9953-51aa-8b14-f2c92ddc7daa',
    '2ab41437-a232-5364-8d8c-afd7e592f769',
    'Molitat igita deinde ea nihillum qualistim quo velitudit, miserancil non quam inpotest voluptatem quieti voluptate tantum.',
    'Gratis referet quidemolum se nem tractate quam, nam missimum vos idere qui.',
    16529,
    DEFAULT,
    DEFAULT,
    DEFAULT
  ),
  (
    '2a37af4d-0b72-567b-b39b-c8e3b9e20cec',
    '626a24b8-390a-5ee8-911e-8f27606774ee',
    'Eius numquam ad est feranim.',
    'Ob philosam non alienti secura vidi depravathen, romant nis m monet interi.',
    8861,
    DEFAULT,
    DEFAULT,
    DEFAULT
  ),
  (
    'e859b738-9ec4-5fba-8e00-a235def22c8c',
    '2ab41437-a232-5364-8d8c-afd7e592f769',
    'Tur corporis formavitaq eliae esse.',
    'Numquamquam quid natur laudata ut, moveatur quasi cum triarium efficerum est causa quid.',
    20516,
    DEFAULT,
    DEFAULT,
    DEFAULT
  ),
  (
    '3629cb88-3690-50bd-8b5e-5d9bd51a64bd',
    '27e06a43-b02f-5e5c-95d4-37a17593a858',
    'Tournament 4',
    'Inquam quam voluptatis sit',
    8,
    't',
    DEFAULT,
    DEFAULT
  ),
  (
    '36ae26e9-d3ef-584a-91d7-99f3a0ee0c8a',
    'c846dca1-d8db-5a88-b21e-69fb1e0597a6',
    'Earum nullam docti si itaque.',
    'Voluptatis multos haec qua aegritertim vitam.',
    16192,
    DEFAULT,
    DEFAULT,
    DEFAULT
  ),
  (
    '7f323b2a-2e4a-5166-be19-832bebea0937',
    '7c5c51d1-dfbb-5694-a394-c977368c624d',
    'Civiti aequitatten nam ea sed.',
    'Plerique praecepta non veri dis.',
    36595,
    DEFAULT,
    DEFAULT,
    DEFAULT
  ),
  (
    '826609b8-ecc0-530a-b3df-499c2f82d96a',
    '626a24b8-390a-5ee8-911e-8f27606774ee',
    'Modo personae desidie quo esse et cursu molest, antium sapienter stare ex volunt tum.',
    'Ratu declinarchum nec concorporib laetitatur eo quae, dixi facio cum certe qui enderepic alterpretar.',
    2590,
    DEFAULT,
    DEFAULT,
    DEFAULT
  ),
  (
    'e712afa0-0d79-5125-8bd4-d05d04277199',
    'c846dca1-d8db-5a88-b21e-69fb1e0597a6',
    'Non autem possunt sequatur everuisti.',
    'Reperum a oresse hanc dicitates ea abo, copulathen harum dicante voluptas probistimer.',
    56273,
    DEFAULT,
    DEFAULT,
    DEFAULT
  ),
  (
    '2d7607c1-efec-5d9e-b4fd-098f8cc9e44f',
    'd7b350c9-3b7a-50a4-98e0-d3a9b640ebbd',
    'Aut intellegun eum consule vitae explicare.',
    'Succum fugiaturo temnitionem recte per viventi nivem ad, mihi oremus sunt sed ut distinis si nec.',
    45575,
    DEFAULT,
    DEFAULT,
    DEFAULT
  ),
  (
    '3ca3536e-140c-5c6b-a75c-15abfa669918',
    '27e06a43-b02f-5e5c-95d4-37a17593a858',
    'Uta movet esse at aut me nec, am studiis quin causa intelleger mea.',
    'Am a ex natur et quae ophia, legi si quorum quod incidia.',
    9932,
    DEFAULT,
    DEFAULT,
    DEFAULT
  ),
  (
    '4cdf8454-b9df-557d-a2ee-98f63f3b0a9d',
    '54f26116-0c9b-5ff3-9437-72eb1d37fa00',
    'Voluptatos et tantamension ari modo p, liberamar possit latinvendis graeci non et dolem iis.',
    'Totamicio cum consecunt sapiente sed nullam nec voluperia, es capedundit triarius ipsa naturrerum.',
    16127,
    DEFAULT,
    DEFAULT,
    DEFAULT
  ),
  (
    '0f7d35c0-3f0e-5c67-af26-eaa84cb6702d',
    '7c5c51d1-dfbb-5694-a394-c977368c624d',
    'Cum erudintel in haec dolendos.',
    'Sed idem poris eritisti mandaremque amatomnes sed alienum, dolores uti harum ea debillis is numquam inquam.',
    17801,
    DEFAULT,
    DEFAULT,
    DEFAULT
  ),
  (
    'fcbb414b-17e2-5163-8108-cac68fc1632c',
    '54f26116-0c9b-5ff3-9437-72eb1d37fa00',
    'Audeam ipis disserent quid metus sed dicerab nam.',
    'Et bene si satissimus sequit esse, et voluptatem ut ophiae non inquit.',
    24950,
    DEFAULT,
    DEFAULT,
    DEFAULT
  ),
  (
    '69112529-53c0-5647-9df0-07f25f824b0a',
    'bdcd62e5-fa47-5d89-963c-2a88d91e8608',
    'Maxime delectutem molest non etendis, quid et cruciant sed pore praeclarores.',
    'Cum quae res foedus collegis, didicit liberita audire nec ut cum.',
    34201,
    DEFAULT,
    DEFAULT,
    DEFAULT
  ),
  (
    '6f68e9f5-e4ac-589c-bce9-542abd060134',
    '626a24b8-390a-5ee8-911e-8f27606774ee',
    'Tournament 5',
    'Fieri voluptatib si opho vos ipsummum',
    8,
    't',
    DEFAULT,
    DEFAULT
  ),
  (
    '129b8f84-6cd0-55e3-a75d-c830f60fdd65',
    '27e06a43-b02f-5e5c-95d4-37a17593a858',
    'Minis dividerier modo ut eum posse nec.',
    'Tamura bona sed possint degenime, perdider nec scilicur sine accedunt.',
    46516,
    DEFAULT,
    DEFAULT,
    DEFAULT
  ),
  (
    'ed343273-10d3-5077-9d0d-a7b86edf2b36',
    '54f26116-0c9b-5ff3-9437-72eb1d37fa00',
    'Dici ad contendis anim statuererim divit.',
    'Deinde magnusquam eratiunt versionesse a ad levate.',
    53075,
    DEFAULT,
    DEFAULT,
    DEFAULT
  ),
  (
    'e13133ca-f745-5f62-a915-b790bcfdbd7a',
    '5e027a4d-ecd6-5639-8996-e7c2df93e0b1',
    'Abo facera consequuntur ut unt erritudin sed quibus, detractissim monstruosi si nihil est possummum sua quod.',
    'Putassentior quidem cum enda a modumque a ficta.',
    32915,
    DEFAULT,
    DEFAULT,
    DEFAULT
  ),
  (
    '8bfadb1c-23d4-5f5d-934e-b13c89f8b425',
    '2ab41437-a232-5364-8d8c-afd7e592f769',
    'Quid amputem contra enim viver temporis, est in quidem ego quod triarium ea.',
    'Inporis explication in modum ponderiter bonum dolornatus, gaudeat contrari saepti si non.',
    16694,
    DEFAULT,
    DEFAULT,
    DEFAULT
  ),
  (
    '9d61a2dc-636f-50e0-8eb3-15728696e4ac',
    '5e027a4d-ecd6-5639-8996-e7c2df93e0b1',
    'Non labornatur quandam veniri dis exeam tentiamus, sine et labit ob famile.',
    'Non iditaque arum reque us autem sed, ea sentire re a cum de.',
    32249,
    DEFAULT,
    DEFAULT,
    DEFAULT
  ),
  (
    'bbe7261f-7584-55c8-94c9-93d926b2619e',
    '626a24b8-390a-5ee8-911e-8f27606774ee',
    'Imos probare praeterin aborum exaudeam omne quidam, voluptatum oristamen ea quod plura id qui.',
    'Esse ut sequatur sed molest natum synephebos libid, quae dicta rem sentandem studia modo is cere.',
    43750,
    DEFAULT,
    DEFAULT,
    DEFAULT
  ),
  (
    'bc57807a-ab82-5c80-8f97-5ab4c8395b66',
    '11e5fd45-a6d5-50a8-b6ba-34c3e1a835e3',
    'Natur sine et praeteritat si, sumus esse am nostrum cotidone et choro.',
    'A esse plerique legitatig et legitation, eosque ut cum quisquis e.',
    37229,
    DEFAULT,
    DEFAULT,
    DEFAULT
  ),
  (
    '900cb448-40ab-5530-97f3-5f0dd5809074',
    '11e5fd45-a6d5-50a8-b6ba-34c3e1a835e3',
    'Admiraret dem inos iis poetis posse itiscunt, as falsi quam metuam voluptatem sentiaret.',
    'Saxum nomintelleg eaque de sit motus inquam paulo, anim nis praetorum aut privat ut omni.',
    17108,
    DEFAULT,
    DEFAULT,
    DEFAULT
  ),
  (
    '30f9b84d-f2ad-5d13-a44b-3fd07f7e42df',
    'd7b350c9-3b7a-50a4-98e0-d3a9b640ebbd',
    'Contra quae genus quid idque id, quibus aut conclusionem quibus ent quam ant.',
    'Es nam infinitat omnia aliqui verearum inernatum inant, tamenita certa nos esse conficillus nec.',
    37628,
    DEFAULT,
    DEFAULT,
    DEFAULT
  ),
  (
    '34513478-c902-558d-b4ba-8aaefdc63148',
    '27e06a43-b02f-5e5c-95d4-37a17593a858',
    'Diis itias voluptate quam veritias ate necesse, cupid ata pectatem quam everet posse laudatur brevitiam.',
    'Eturnumquam inclusione potes quidem scribens il utus omnisi.',
    54087,
    DEFAULT,
    DEFAULT,
    DEFAULT
  ),
  (
    'ec49cd64-c545-59c6-99b6-ac19f22a5efe',
    '5e027a4d-ecd6-5639-8996-e7c2df93e0b1',
    'Tournament 6',
    'Formidandae iudicisque legi ere totum',
    8,
    'f',
    DEFAULT,
    DEFAULT
  ),
  (
    'dc2bc516-14a4-53d2-b057-3547443bea94',
    'c846dca1-d8db-5a88-b21e-69fb1e0597a6',
    'Quos et liberat quam de eadem.',
    'Sentientium esse ratione reprehens natura tantamenim temperancip quae.',
    36123,
    DEFAULT,
    DEFAULT,
    DEFAULT
  ),
  (
    '5db2d4fd-f010-5519-b517-e55fbb569098',
    'c846dca1-d8db-5a88-b21e-69fb1e0597a6',
    'Ile habendam gusta cupidinter advero, sit exeam ex bonis ulas numquam minimicur titudinter.',
    'Non ab sine eo etur quidnam corrupis ut.',
    7527,
    DEFAULT,
    DEFAULT,
    DEFAULT
  ),
  (
    'c3eed88a-f0d6-5f24-9e46-05416a1f7cab',
    'c846dca1-d8db-5a88-b21e-69fb1e0597a6',
    'Nos autemoder minimi in tum, cum sumus coniunt sedita ut.',
    'Et spe sunt dolorum ille nondum sapiendam.',
    6928,
    DEFAULT,
    DEFAULT,
    DEFAULT
  ),
  (
    '4a94e62d-45f4-5b93-b975-752e4f968790',
    'c846dca1-d8db-5a88-b21e-69fb1e0597a6',
    'Esse autem cruciant am cognitionem, laus itiari videtiam sint ut.',
    'A ante quarum parum omni sit vituptas, ut quibus levioribus igatione tamque praeteratus adverter.',
    4470,
    DEFAULT,
    DEFAULT,
    DEFAULT
  ),
  (
    '7494f665-78d0-5bec-86e7-90e1e29631fd',
    '2ab41437-a232-5364-8d8c-afd7e592f769',
    'Non lectore quibus erem aut et autem omnemo.',
    'Erit te defuitassid quantaque nec affectus o quia.',
    28635,
    DEFAULT,
    DEFAULT,
    DEFAULT
  ),
  (
    '6dc7cc33-d853-5f1a-9a38-3443cc999366',
    '5e027a4d-ecd6-5639-8996-e7c2df93e0b1',
    'Voluptatib autem est quasi cum litter et ine, expeditis aut rerum interesse iure potes.',
    'Qui efflueret sed vera aequit omnissima, civitatio famillum nobis am monstruosi mel.',
    39354,
    DEFAULT,
    DEFAULT,
    DEFAULT
  ),
  (
    '9d64fef5-6f54-572c-8f8f-68fe11417330',
    '54f26116-0c9b-5ff3-9437-72eb1d37fa00',
    'Ut nollem et gere ego si.',
    'In interminar doloribus non poris ponderigan sine singulos, robus inanim pariendi ad cum minus ad.',
    43964,
    DEFAULT,
    DEFAULT,
    DEFAULT
  ),
  (
    '62553297-1817-5ae2-b563-19eaf82838cb',
    '5e027a4d-ecd6-5639-8996-e7c2df93e0b1',
    'Quibus quapropter loco qui maxim im praetorem.',
    'Fugienae atus tento et animpedir, utustatum et quietem beate expediendis diesque tamentiam.',
    20823,
    DEFAULT,
    DEFAULT,
    DEFAULT
  ),
  (
    '27036570-6686-5ee2-a6a7-bdf1675dfc8d',
    '626a24b8-390a-5ee8-911e-8f27606774ee',
    'Epicit me intuemur quid facientia liber quod ex.',
    'Nec talo rerum potenimi vis vult, aegritus ipsa deinde autem molesse nominfimum.',
    40475,
    DEFAULT,
    DEFAULT,
    DEFAULT
  ),
  (
    'c4a7fe2f-a0aa-53c5-a666-fc3230d361d5',
    'bdcd62e5-fa47-5d89-963c-2a88d91e8608',
    'Ere quid potendum sabinduce vel quod.',
    'Possunt quis non quae recteque dominfert causa, igionis nunc sustulet ne idin distinctio atomnisi.',
    23825,
    DEFAULT,
    DEFAULT,
    DEFAULT
  ),
  (
    'a681ab34-3531-5760-9767-720db18d5c9a',
    'c846dca1-d8db-5a88-b21e-69fb1e0597a6',
    'Tournament 7',
    'Esse scripta apud',
    8,
    'f',
    DEFAULT,
    DEFAULT
  ),
  (
    '25f898b4-0894-53df-9d20-b8a4d79f0989',
    '2ab41437-a232-5364-8d8c-afd7e592f769',
    'Diutur laborandi poetis graecis um exitia, mihi conet fortitia ipsa probore quia.',
    'Tritangatur endum non a ipsum.',
    25145,
    DEFAULT,
    DEFAULT,
    DEFAULT
  ),
  (
    '002ac171-fee5-5cf7-8a61-5f1b73f791e7',
    'bdcd62e5-fa47-5d89-963c-2a88d91e8608',
    'Sit earum aut in doctrina beatae.',
    'Ipsis dicerare est ea voluptatem perum quot, ut non patiaturbes in esse rerum qua.',
    1139,
    DEFAULT,
    DEFAULT,
    DEFAULT
  ),
  (
    '9ece068c-8e10-5767-972f-83e03b541571',
    '7c5c51d1-dfbb-5694-a394-c977368c624d',
    'Contra alii libere tentiones aturovat vocet, nivem sic quos singulissim autem.',
    'Qui autem quam difficiunt minus.',
    10934,
    DEFAULT,
    DEFAULT,
    DEFAULT
  ),
  (
    'ff83483e-ba5b-5e91-9967-37ccda3f1fd1',
    '626a24b8-390a-5ee8-911e-8f27606774ee',
    'Aperit nullo ego reprehentium tur, ophia tum praesen ipsa quo.',
    'Artibus doloribus utrum triarium quibus.',
    52245,
    DEFAULT,
    DEFAULT,
    DEFAULT
  ),
  (
    'c490ffc0-5972-595e-a7e1-53d86c3aa392',
    'c846dca1-d8db-5a88-b21e-69fb1e0597a6',
    'Quas tum detrimiquid ipsummum contensio ipsa, quietemus totum proborem sint non eo ari.',
    'Meam aiebat acuto et det es, necest mihi sit autem latinpender.',
    35739,
    DEFAULT,
    DEFAULT,
    DEFAULT
  ),
  (
    '84ce097e-5705-553a-9abd-bc339df87521',
    'c846dca1-d8db-5a88-b21e-69fb1e0597a6',
    'Iditere exis cum et patienteris tenda, es spernator remistippus et numquidem o doloresse.',
    'Qui quem et talem et ulla.',
    19323,
    DEFAULT,
    DEFAULT,
    DEFAULT
  ),
  (
    'ca14c595-af7f-5761-b87c-506911cc8a55',
    '54f26116-0c9b-5ff3-9437-72eb1d37fa00',
    'Ad ego nullus vicia es iudicitaq tum.',
    'Sapiens extremum molest sic tamenim manilitiis de.',
    40578,
    DEFAULT,
    DEFAULT,
    DEFAULT
  ),
  (
    '084aefad-432a-5f14-b950-9ed230124a9f',
    '5e027a4d-ecd6-5639-8996-e7c2df93e0b1',
    'Ut expecunda medium laetitia hoc celsus, dendum a erri rem levista qui.',
    'Diceret in nihilis in qui iniurias, ine ratione legem nam possumma.',
    60320,
    DEFAULT,
    DEFAULT,
    DEFAULT
  ),
  (
    '8562123f-9777-51b7-875b-862f67a9aa16',
    '5e027a4d-ecd6-5639-8996-e7c2df93e0b1',
    'Numquam sint alisne causamico praeter inas longinquit.',
    'Privat non at opest quos adducuntur epta.',
    30883,
    DEFAULT,
    DEFAULT,
    DEFAULT
  ),
  (
    '31c5c549-4571-52eb-b475-5250b486fb2f',
    '626a24b8-390a-5ee8-911e-8f27606774ee',
    'Meliustior ac ullum dolore luciles docet et, in successio eademus causa si.',
    'Ipsa dubio cum sapientiam modo si huc.',
    48778,
    DEFAULT,
    DEFAULT,
    DEFAULT
  ),
  (
    'f4c8295a-6084-5933-acf8-9855556e77ba',
    '11e5fd45-a6d5-50a8-b6ba-34c3e1a835e3',
    'Tournament 8',
    'Timum voluptatis rebus vix frui',
    8,
    'f',
    DEFAULT,
    DEFAULT
  ),
  (
    '46834684-7946-592f-a1f3-8c13c03852c6',
    '2ab41437-a232-5364-8d8c-afd7e592f769',
    'Necestiam amicit atum ini affluere.',
    'Alia virtutem physico efflores ex.',
    49976,
    DEFAULT,
    DEFAULT,
    DEFAULT
  ),
  (
    '2c6c0ec5-7a1e-5324-8fc7-d1821b180448',
    '7c5c51d1-dfbb-5694-a394-c977368c624d',
    'Quam qua platonem delecta dignis, et necest sentias quidem finitiae fectum ea appellant.',
    'Silia studiis etur natur vestiganim.',
    44160,
    DEFAULT,
    DEFAULT,
    DEFAULT
  ),
  (
    'c31af368-bef8-54d6-9607-ad1a8241adb7',
    'bdcd62e5-fa47-5d89-963c-2a88d91e8608',
    'Quales et possunt atas advero as, inter stulti non sunt ilius cum odit fecta.',
    'Ini utrum conteresse neglegendum rer re, voluptatib et ego voluptate igitur cum erit est.',
    32949,
    DEFAULT,
    DEFAULT,
    DEFAULT
  ),
  (
    'd1d57acd-477b-52fd-9c62-33b7486233de',
    '2ab41437-a232-5364-8d8c-afd7e592f769',
    'Dicamicar audit cernandum vos dicante nominter.',
    'Faciuntur nisi m voluptatem displicaren res.',
    59440,
    DEFAULT,
    DEFAULT,
    DEFAULT
  ),
  (
    '5a143391-365e-55e9-93e0-7db3451d2157',
    '7c5c51d1-dfbb-5694-a394-c977368c624d',
    'Laudarenim morte iucunias voluptatis placetiam dicenimped am.',
    'Qui tantas inem praeter molest sic ut.',
    12491,
    DEFAULT,
    DEFAULT,
    DEFAULT
  ),
  (
    '93e7481d-6936-5096-8011-15eb515b8216',
    '626a24b8-390a-5ee8-911e-8f27606774ee',
    'Eadem vult ad facitare vis natum cumque, augent reiciendum rerum quidem vituptatem doctus omnes qui.',
    'Es abo explicaver ur dis.',
    9078,
    DEFAULT,
    DEFAULT,
    DEFAULT
  ),
  (
    'f4dea894-cf5a-5e08-8c0c-22908765b23b',
    '7c5c51d1-dfbb-5694-a394-c977368c624d',
    'Non numerstituam industria quam a, primis eritate quod modis quos.',
    'Totelli rerum doloritum modum non, ilior sequuntur impetentur fidem es inanimeq admodo dici.',
    5929,
    DEFAULT,
    DEFAULT,
    DEFAULT
  ),
  (
    '1f329be2-ee19-5c26-b53e-e2389713c483',
    '2ab41437-a232-5364-8d8c-afd7e592f769',
    'Conquireris sin eamus sunt voluptates hominquit ipsummum natur, anda aequum ab sum libero.',
    'Portare odio eos ulis nostram tant.',
    32889,
    DEFAULT,
    DEFAULT,
    DEFAULT
  ),
  (
    '729241a0-182c-59d2-bb2c-f8ccbb7f909d',
    'c846dca1-d8db-5a88-b21e-69fb1e0597a6',
    'Rerum cum utur vitae interistim.',
    'Impenita nec etiam sicini sapientiam novi nis inum.',
    46983,
    DEFAULT,
    DEFAULT,
    DEFAULT
  ),
  (
    '6a66185a-6808-5b6b-8d32-8207ac857951',
    'bdcd62e5-fa47-5d89-963c-2a88d91e8608',
    'Solisti miserimped est mundi sic patre expecundus mihi.',
    'In consentiet quapropterea ad quam es unt, et aiebate esse conflixis aturamic.',
    43847,
    DEFAULT,
    DEFAULT,
    DEFAULT
  ),
  (
    '6957c338-a6fd-5fb3-a79c-b78a97a891d5',
    'bdcd62e5-fa47-5d89-963c-2a88d91e8608',
    'Tournament 9',
    'Non extremum cupid honorum',
    8,
    't',
    DEFAULT,
    DEFAULT
  ),
  (
    '9ea0f736-a196-57b7-a524-d2b0a3afb038',
    '27e06a43-b02f-5e5c-95d4-37a17593a858',
    'Maxim qui consent voluptas praetulanim.',
    'Horridenda pulcherrimum neque ea cum virtutem voluptatem, fuit nihilit se nec tranquillitter consequatur pendere et.',
    38420,
    DEFAULT,
    DEFAULT,
    DEFAULT
  ),
  (
    '49a7d34f-eca3-5b55-8889-fd153a8bad5c',
    '626a24b8-390a-5ee8-911e-8f27606774ee',
    'Esse labor autemus metu maluis, stoicos dixitaque nobis nec autem sunt indoctum rerum.',
    'Ant vetuitur torquatus ea per offendimur parartem e.',
    15232,
    DEFAULT,
    DEFAULT,
    DEFAULT
  ),
  (
    '2113b4a8-4af5-5eb3-843a-01eb08903710',
    'c846dca1-d8db-5a88-b21e-69fb1e0597a6',
    'De doloram quod libere inseque ut sum epicaret, lat quamvis non cognitatas rationis saluto.',
    'Non quociri e natum dis magis detraxistim.',
    18606,
    DEFAULT,
    DEFAULT,
    DEFAULT
  ),
  (
    'c6e2dfe9-8d49-561c-9c32-0cc5f54181cf',
    '626a24b8-390a-5ee8-911e-8f27606774ee',
    'Si voluptatem eadem voluptate eturi, qui exis videam iactanta doloratque quibus am voluptatem.',
    'Sabintuemur voluptatem eadem non ratu.',
    32571,
    DEFAULT,
    DEFAULT,
    DEFAULT
  ),
  (
    'a3f64eb8-f53f-5b65-9d3e-b0aacea4e173',
    'd7b350c9-3b7a-50a4-98e0-d3a9b640ebbd',
    'Numquam et quale omi geomet seiungi et, vero dente contra graecosopib fugiat et.',
    'Hoc ea quae menantibi potesse honest.',
    21576,
    DEFAULT,
    DEFAULT,
    DEFAULT
  ),
  (
    '1b9089ff-c1ad-5cc9-bb38-d3d666242d61',
    '54f26116-0c9b-5ff3-9437-72eb1d37fa00',
    'Putatque respirarmat tam iudicum epicaris lictorquem, sed et aut et igendam maximpetit ad.',
    'Claroribus is non placet epicuram solum.',
    65330,
    DEFAULT,
    DEFAULT,
    DEFAULT
  ),
  (
    '8ce0506f-d22b-5351-8e2b-1f324f2ff928',
    'bdcd62e5-fa47-5d89-963c-2a88d91e8608',
    'Quidemus amus eadem cum ab quae potientes, depravatio etur et earum et earum ari expetendi.',
    'Quo il molest nutu de fortas ambigua esse.',
    45907,
    DEFAULT,
    DEFAULT,
    DEFAULT
  ),
  (
    '2e1c34da-53f5-5c1d-81be-252b73ef1780',
    '5e027a4d-ecd6-5639-8996-e7c2df93e0b1',
    'Eum pore alientium nam reici andi legam quod, aut dolorum corporrecor sedit ent.',
    'Nocetens aut declarandis laudandi luciles assentio et expectates.',
    6888,
    DEFAULT,
    DEFAULT,
    DEFAULT
  ),
  (
    'b31f981a-a82c-543c-bc3c-76dd89208c7e',
    '11e5fd45-a6d5-50a8-b6ba-34c3e1a835e3',
    'Maxim ab vidermissum fuisse peranima doloratum es tum.',
    'Offendimur nondumve allictorquat male motum.',
    21400,
    DEFAULT,
    DEFAULT,
    DEFAULT
  ),
  (
    '4126b169-27ec-5e91-af19-dc5d1c6d383b',
    '27e06a43-b02f-5e5c-95d4-37a17593a858',
    'Non de suum tamen liberari, natura permulta est mihi in.',
    'Putatomum et voluptate legi hic esse hoc epicia.',
    23642,
    DEFAULT,
    DEFAULT,
    DEFAULT
  ),
  (
    '5c0dce2a-ac5e-51d5-87b7-db1202a08263',
    '7c5c51d1-dfbb-5694-a394-c977368c624d',
    'Tournament 10',
    'Si declinatur quidnam ea quidem',
    8,
    'f',
    DEFAULT,
    DEFAULT
  ),
  (
    '6ae7c1bb-f697-5d3c-a5cf-f221ec4ab55f',
    '11e5fd45-a6d5-50a8-b6ba-34c3e1a835e3',
    'Manenteris sunt voluptates quam consuetudit quid.',
    'Incommodis vim causamicat paravis se fugiat.',
    7663,
    DEFAULT,
    DEFAULT,
    DEFAULT
  ),
  (
    '1a9ce427-9dc1-58da-a66f-c07a15ea9dc0',
    '5e027a4d-ecd6-5639-8996-e7c2df93e0b1',
    'Velinvenir in a id est labor.',
    'Semperpessio qui neque quosvis inveniri esse commemin, vituptatib militum ut nisi arbitratu ere afferiora exeam.',
    60233,
    DEFAULT,
    DEFAULT,
    DEFAULT
  ),
  (
    'ee2d65f5-34c8-55ee-87fd-20b67c119ae6',
    'd7b350c9-3b7a-50a4-98e0-d3a9b640ebbd',
    'Nem cotidincor cum am neque et met.',
    'Manentant per itatum eo natur.',
    12306,
    DEFAULT,
    DEFAULT,
    DEFAULT
  ),
  (
    'ac489d27-6898-5192-9c76-23306f289237',
    '626a24b8-390a-5ee8-911e-8f27606774ee',
    'A aut pore ob faciant d.',
    'Ex gravis quam cumque si quaedamicur expetenim quisque.',
    51063,
    DEFAULT,
    DEFAULT,
    DEFAULT
  ),
  (
    '5aa9cab4-2ea9-54b3-86a0-f5e5cceaeaf9',
    '11e5fd45-a6d5-50a8-b6ba-34c3e1a835e3',
    'Sine et mihi divid iis reperetiam erere.',
    'Curatio consiliis velitia quoquo anim medeamque, ipsa accursionem sint gusti suavittam sine.',
    22171,
    DEFAULT,
    DEFAULT,
    DEFAULT
  ),
  (
    '25154733-6984-5de0-b465-e0244bb88600',
    'd7b350c9-3b7a-50a4-98e0-d3a9b640ebbd',
    'Tore quasi modo videt est im maioresse, non hunc non mentitura vult.',
    'Cum dicita labefficien hostem sentianus quae de ittentiae, cum estias ut pore eoque si itatiscun.',
    34336,
    DEFAULT,
    DEFAULT,
    DEFAULT
  ),
  (
    '62dfe29a-006c-5f85-abca-4d348beb8e0a',
    'c846dca1-d8db-5a88-b21e-69fb1e0597a6',
    'Possummum itus ut nullo neglegim, cupidis collaudatur fugiat debemus vitae et vero conferenim.',
    'Sine litter concillae lata magis nullam multa.',
    31224,
    DEFAULT,
    DEFAULT,
    DEFAULT
  ),
  (
    '8c3d0f66-f82d-530e-831b-9999db836187',
    '7c5c51d1-dfbb-5694-a394-c977368c624d',
    'Texitas esse autem quia salut vituptatis caritatem.',
    'Qui et tollitterum estatem cuius morbis autem tuentur, tur brute sum putant in eum im.',
    24198,
    DEFAULT,
    DEFAULT,
    DEFAULT
  ),
  (
    'dde65588-c3bf-53f1-8566-59d960dd2aab',
    'd7b350c9-3b7a-50a4-98e0-d3a9b640ebbd',
    'Vincerte nobiste cum ut studia non loquerin enta.',
    'Moderittam motus vult ad iditatil ad legerudit quae.',
    13334,
    DEFAULT,
    DEFAULT,
    DEFAULT
  ),
  (
    '647e279b-69bf-5716-b947-91daa59183c6',
    '27e06a43-b02f-5e5c-95d4-37a17593a858',
    'A as plane it prompta ea, quoque tu rerum delectate si.',
    'Rentur et philos esse voluptas erere nis.',
    46160,
    DEFAULT,
    DEFAULT,
    DEFAULT
  ),
  (
    'a7ad9130-f415-5542-85e1-1d24cd7a95bf',
    '11e5fd45-a6d5-50a8-b6ba-34c3e1a835e3',
    'Tournament 11',
    'Melius veri scaevolum et sentientis perfert a',
    8,
    'f',
    DEFAULT,
    DEFAULT
  ),
  (
    '00d90eac-3c77-5133-b6d0-2335100476c6',
    '5e027a4d-ecd6-5639-8996-e7c2df93e0b1',
    'Quia potesse et non in facillis.',
    'Teramice homin maiorum idit ingenusque sic expetuisti commemor.',
    10889,
    DEFAULT,
    DEFAULT,
    DEFAULT
  ),
  (
    'cb821791-8007-5ad2-87f1-cd5d9bbe18c4',
    '27e06a43-b02f-5e5c-95d4-37a17593a858',
    'Quod tamens vulgo quae iderrore, semperspiciat affecti quam iis illis refermiser officeros.',
    'Praetore non necessariam ocaris ne.',
    49469,
    DEFAULT,
    DEFAULT,
    DEFAULT
  ),
  (
    'cf10eb64-5eb4-5591-9279-ca21051b65b3',
    '2ab41437-a232-5364-8d8c-afd7e592f769',
    'Sit dissenteneam inpendeniq adhibuit haec si, sunt invenire quam fruuntur sentientis gubere iis.',
    'Fit idinterea dolordinem constituitat concur, a illis eum maior pernere.',
    31787,
    DEFAULT,
    DEFAULT,
    DEFAULT
  ),
  (
    'ad3a2d98-c05e-554d-bf2f-d5d05cf1138c',
    'bdcd62e5-fa47-5d89-963c-2a88d91e8608',
    'Quae verbis autem et a oriis us quasi.',
    'Dicit e atum repetiam et magna voluptas tentiam.',
    40199,
    DEFAULT,
    DEFAULT,
    DEFAULT
  ),
  (
    '576d0a1b-ee80-5a86-8917-5686f87e1bcd',
    '54f26116-0c9b-5ff3-9437-72eb1d37fa00',
    'Spe uberantiq autem ad propostentus, dolorem nec dolore inem repeloquen geomet sine.',
    'Delectitud amicatur probantur facio sine perpetendi, a sed indiviti possunt non et allicam.',
    17530,
    DEFAULT,
    DEFAULT,
    DEFAULT
  ),
  (
    'b1b215ef-6e09-5f8d-9718-7d982383007d',
    '626a24b8-390a-5ee8-911e-8f27606774ee',
    'Vidi brutus pulchraeque aut volupletior.',
    'Tem cupidinit ad omnis quia primorargum perspici quae, sit pluribus sed voluptates gloriat eum explicarbit ergo.',
    9037,
    DEFAULT,
    DEFAULT,
    DEFAULT
  ),
  (
    '6909ac9f-60c8-5e78-9eb6-3177153e237f',
    'd7b350c9-3b7a-50a4-98e0-d3a9b640ebbd',
    'Ne locate nobis faceraliae de non viderudin.',
    'Siculatiun ferre voluptatib graecis cum.',
    46731,
    DEFAULT,
    DEFAULT,
    DEFAULT
  ),
  (
    '82166831-1c9b-55c6-bcfa-4441991afa96',
    '626a24b8-390a-5ee8-911e-8f27606774ee',
    'Inibus il cognostrum ex praeseretsi, momenimi manus ego bonisque sit am omos.',
    'Ine malum quaerenim quia numquam quae.',
    64797,
    DEFAULT,
    DEFAULT,
    DEFAULT
  ),
  (
    '2dab2705-d39e-5fd4-9d82-725e16f90513',
    'bdcd62e5-fa47-5d89-963c-2a88d91e8608',
    'Ilius si neque qui quadam.',
    'Cumbere eo a sic etriaque inculta anim, eas aliendum loque voluptas insidendam municit audiracun esse.',
    41267,
    DEFAULT,
    DEFAULT,
    DEFAULT
  ),
  (
    'd605b96e-5b2d-552f-a1fc-96e22c542b7e',
    '27e06a43-b02f-5e5c-95d4-37a17593a858',
    'Si possit ineratib ad tam, libid de natura abducatius luciliti pellaturi omnes.',
    'Et iudicur sed ab imi afferreum.',
    47414,
    DEFAULT,
    DEFAULT,
    DEFAULT
  ),
  (
    '9c7167d7-8374-5ef0-81d0-0655900305e0',
    '7c5c51d1-dfbb-5694-a394-c977368c624d',
    'Tournament 12',
    'Quia quaedamicar voluptatem modi qui',
    8,
    'f',
    DEFAULT,
    DEFAULT
  ),
  (
    '63604124-79e7-57fa-a905-338fa25ef717',
    'bdcd62e5-fa47-5d89-963c-2a88d91e8608',
    'Nimus se convertatem putatorit causa etur fuisse afferre, modo pecunt exis inclusione nam sapiendam.',
    'Am necest paene tu saepe negaris ut conciliantur, frequentiam quae viventur es synephebos missum praetere.',
    56859,
    DEFAULT,
    DEFAULT,
    DEFAULT
  ),
  (
    'f0054e0a-c2d6-50e1-93ba-07df1bc86ae3',
    '11e5fd45-a6d5-50a8-b6ba-34c3e1a835e3',
    'A confirmare difficia sit si hominmensae, ut certae im affectrice gregest vita.',
    'E omnium formavitaq aut quid, fuissent operent quaeso inveniam et quem ipsam.',
    6001,
    DEFAULT,
    DEFAULT,
    DEFAULT
  ),
  (
    '9a243166-87f8-54ff-a1a8-f26d4068a716',
    'd7b350c9-3b7a-50a4-98e0-d3a9b640ebbd',
    'A andro conseque via adam simumus iucunt.',
    'Non audit a non propterrogat, imo quidem praeterum in transferam easque natur.',
    32996,
    DEFAULT,
    DEFAULT,
    DEFAULT
  ),
  (
    '876dc887-f44b-51e0-9295-76a37ed73a6b',
    'd7b350c9-3b7a-50a4-98e0-d3a9b640ebbd',
    'Foedus atio ponatis pericosop endas ad historquentur neces.',
    'Alii factis essentior stoici provoccultar abhorum, intellegit te deniquamus libere dissidentaeq putatrum.',
    58023,
    DEFAULT,
    DEFAULT,
    DEFAULT
  ),
  (
    '70e11b0b-a69d-53e8-90e9-c61dfb82c008',
    '11e5fd45-a6d5-50a8-b6ba-34c3e1a835e3',
    'Divint multa depravation in temus.',
    'Expeccant contem habet orartesque necest.',
    56565,
    DEFAULT,
    DEFAULT,
    DEFAULT
  ),
  (
    '4b2b0c7d-211e-525b-a79d-8e6281cec906',
    '2ab41437-a232-5364-8d8c-afd7e592f769',
    'Tament texit habenimum acut in vocenti sed, et oper de quaedamarem temper.',
    'Omnisi est ratione sine attento sicut benivolam.',
    44282,
    DEFAULT,
    DEFAULT,
    DEFAULT
  ),
  (
    'e1f65017-4c2c-5e70-afec-213b6e63978a',
    '7c5c51d1-dfbb-5694-a394-c977368c624d',
    'Itatibus abo multitia industria eran malis, multi nostrum terminatum quidem quem.',
    'Refere ut ferri consilia ne parum.',
    25541,
    DEFAULT,
    DEFAULT,
    DEFAULT
  ),
  (
    'f28b1a22-cd91-506e-b176-a606891f90ea',
    '7c5c51d1-dfbb-5694-a394-c977368c624d',
    'Futuralter consequam vituptat imperitum controverrem erat platonisdem.',
    'Ratio notionem beatus aboratis id, andae etur si proborest controveret.',
    24918,
    DEFAULT,
    DEFAULT,
    DEFAULT
  ),
  (
    'd3231c20-b74c-5060-b249-a2b52c9a96a5',
    '2ab41437-a232-5364-8d8c-afd7e592f769',
    'Primo consecut ab non bonorest.',
    'Rebus quae quaeso aut mandam quid, in suam a si everit efflorest lata.',
    38496,
    DEFAULT,
    DEFAULT,
    DEFAULT
  ),
  (
    'ec48f142-3b6d-5767-8eb6-ccf194785571',
    '27e06a43-b02f-5e5c-95d4-37a17593a858',
    'Et sine ea doloresse autem, quo se sentiunt ea fortas vel.',
    'Qui chorus ne quasi referretin aut, quis dolore aliquaque iste in exer officita qua.',
    45860,
    DEFAULT,
    DEFAULT,
    DEFAULT
  );
INSERT INTO public.tournament_participants (
    id,
    tournament_id,
    user_id,
    status,
    seed,
    created_at,
    updated_at
  )
VALUES (
    'f7544d64-c5cf-5b54-adca-f5dc97a2c3f5',
    'dd994b58-ce0d-58f2-b6ad-1773be1fad84',
    'bdcd62e5-fa47-5d89-963c-2a88d91e8608',
    DEFAULT,
    60524,
    DEFAULT,
    DEFAULT
  ),
  (
    'eca12288-d2c3-50a9-bd55-97b8a724d95c',
    'dd994b58-ce0d-58f2-b6ad-1773be1fad84',
    '7c5c51d1-dfbb-5694-a394-c977368c624d',
    DEFAULT,
    24861,
    DEFAULT,
    DEFAULT
  ),
  (
    '0c6c3215-cccd-55c0-8f5d-d0c847d33839',
    'dd994b58-ce0d-58f2-b6ad-1773be1fad84',
    '626a24b8-390a-5ee8-911e-8f27606774ee',
    DEFAULT,
    17429,
    DEFAULT,
    DEFAULT
  ),
  (
    '71a279d1-dc63-53cd-9fa0-082d57e3d68b',
    'dd994b58-ce0d-58f2-b6ad-1773be1fad84',
    '2ab41437-a232-5364-8d8c-afd7e592f769',
    DEFAULT,
    46497,
    DEFAULT,
    DEFAULT
  ),
  (
    '3c5c7351-1e9f-5c01-ac2f-e6092995a5b7',
    'dd994b58-ce0d-58f2-b6ad-1773be1fad84',
    'd7b350c9-3b7a-50a4-98e0-d3a9b640ebbd',
    DEFAULT,
    30871,
    DEFAULT,
    DEFAULT
  ),
  (
    'f74a9fe0-ebe9-5d05-bf18-d57f83d66da7',
    'dd994b58-ce0d-58f2-b6ad-1773be1fad84',
    'c846dca1-d8db-5a88-b21e-69fb1e0597a6',
    DEFAULT,
    56516,
    DEFAULT,
    DEFAULT
  ),
  (
    '22022de9-2819-5036-9568-94f804aa5e41',
    'dd994b58-ce0d-58f2-b6ad-1773be1fad84',
    '54f26116-0c9b-5ff3-9437-72eb1d37fa00',
    DEFAULT,
    63817,
    DEFAULT,
    DEFAULT
  ),
  (
    '76c1d27a-795e-53b2-8f46-858d90f6cc98',
    'dd994b58-ce0d-58f2-b6ad-1773be1fad84',
    '27e06a43-b02f-5e5c-95d4-37a17593a858',
    DEFAULT,
    6300,
    DEFAULT,
    DEFAULT
  ),
  (
    '20a68c8f-9901-57dc-8ff8-2d2ad42e9999',
    '3808e8f9-ac14-5f65-b386-24c0731e646f',
    '5e027a4d-ecd6-5639-8996-e7c2df93e0b1',
    DEFAULT,
    64921,
    DEFAULT,
    DEFAULT
  ),
  (
    '0a6613f9-91d7-5927-90bb-61ae3e4c70e4',
    '3808e8f9-ac14-5f65-b386-24c0731e646f',
    '54f26116-0c9b-5ff3-9437-72eb1d37fa00',
    DEFAULT,
    24586,
    DEFAULT,
    DEFAULT
  ),
  (
    '5b93c27d-9f7d-55cd-b240-e467600ac96e',
    '3808e8f9-ac14-5f65-b386-24c0731e646f',
    'c846dca1-d8db-5a88-b21e-69fb1e0597a6',
    DEFAULT,
    34207,
    DEFAULT,
    DEFAULT
  ),
  (
    '5f08d11d-da85-5da8-8e7c-089ebf2267e3',
    '3808e8f9-ac14-5f65-b386-24c0731e646f',
    '2ab41437-a232-5364-8d8c-afd7e592f769',
    DEFAULT,
    13480,
    DEFAULT,
    DEFAULT
  ),
  (
    '942557fb-aa72-5147-b379-d2c885decd33',
    '3808e8f9-ac14-5f65-b386-24c0731e646f',
    '7c5c51d1-dfbb-5694-a394-c977368c624d',
    DEFAULT,
    5884,
    DEFAULT,
    DEFAULT
  ),
  (
    'bba9132d-46b2-5c73-80e0-fea1f366f6c3',
    '3808e8f9-ac14-5f65-b386-24c0731e646f',
    'bdcd62e5-fa47-5d89-963c-2a88d91e8608',
    DEFAULT,
    5961,
    DEFAULT,
    DEFAULT
  ),
  (
    '4884d5b9-1424-57ab-9cee-40fd8ecee3f4',
    '3808e8f9-ac14-5f65-b386-24c0731e646f',
    '626a24b8-390a-5ee8-911e-8f27606774ee',
    DEFAULT,
    2425,
    DEFAULT,
    DEFAULT
  ),
  (
    '514aa5bf-6ecf-50cf-a7e1-fb77cd6c6805',
    '3808e8f9-ac14-5f65-b386-24c0731e646f',
    'd7b350c9-3b7a-50a4-98e0-d3a9b640ebbd',
    DEFAULT,
    16912,
    DEFAULT,
    DEFAULT
  ),
  (
    'f9e94ccf-5baa-5ec0-bb73-73092c4f8a3e',
    'a3cf2b31-122f-5493-bbf5-2406005ce94f',
    '626a24b8-390a-5ee8-911e-8f27606774ee',
    DEFAULT,
    8567,
    DEFAULT,
    DEFAULT
  ),
  (
    '37f852ee-df52-5f3c-b8f4-95cc28286d34',
    'a3cf2b31-122f-5493-bbf5-2406005ce94f',
    '5e027a4d-ecd6-5639-8996-e7c2df93e0b1',
    DEFAULT,
    4097,
    DEFAULT,
    DEFAULT
  ),
  (
    '7d6f5196-1b14-56fd-9470-3363d2fe8fd9',
    'a3cf2b31-122f-5493-bbf5-2406005ce94f',
    '27e06a43-b02f-5e5c-95d4-37a17593a858',
    DEFAULT,
    28351,
    DEFAULT,
    DEFAULT
  ),
  (
    '627cd283-f89c-5af0-a400-c7d84c94340f',
    'a3cf2b31-122f-5493-bbf5-2406005ce94f',
    'd7b350c9-3b7a-50a4-98e0-d3a9b640ebbd',
    DEFAULT,
    58427,
    DEFAULT,
    DEFAULT
  ),
  (
    '60c692eb-1f17-5b74-b4d3-609d64504b0f',
    'a3cf2b31-122f-5493-bbf5-2406005ce94f',
    '54f26116-0c9b-5ff3-9437-72eb1d37fa00',
    DEFAULT,
    26488,
    DEFAULT,
    DEFAULT
  ),
  (
    '225dc7c2-6cb2-55e7-bef3-1abba1a308c2',
    'a3cf2b31-122f-5493-bbf5-2406005ce94f',
    '2ab41437-a232-5364-8d8c-afd7e592f769',
    DEFAULT,
    11381,
    DEFAULT,
    DEFAULT
  ),
  (
    'a79aef03-d9f6-5aa7-bf00-7137846f9baf',
    'a3cf2b31-122f-5493-bbf5-2406005ce94f',
    'c846dca1-d8db-5a88-b21e-69fb1e0597a6',
    DEFAULT,
    51104,
    DEFAULT,
    DEFAULT
  ),
  (
    '735f1cb2-276a-5b51-a335-72d55c93bfbf',
    'a3cf2b31-122f-5493-bbf5-2406005ce94f',
    '7c5c51d1-dfbb-5694-a394-c977368c624d',
    DEFAULT,
    63373,
    DEFAULT,
    DEFAULT
  ),
  (
    '670eb432-e151-5b1c-9c0d-486bed3c3499',
    '3629cb88-3690-50bd-8b5e-5d9bd51a64bd',
    'bdcd62e5-fa47-5d89-963c-2a88d91e8608',
    DEFAULT,
    63017,
    DEFAULT,
    DEFAULT
  ),
  (
    '4006c60b-6b14-5b7c-8791-5e7b3b87e919',
    '3629cb88-3690-50bd-8b5e-5d9bd51a64bd',
    '5e027a4d-ecd6-5639-8996-e7c2df93e0b1',
    DEFAULT,
    61397,
    DEFAULT,
    DEFAULT
  ),
  (
    '3953d195-cf5b-5e28-b561-c13ebf782ccd',
    '3629cb88-3690-50bd-8b5e-5d9bd51a64bd',
    '626a24b8-390a-5ee8-911e-8f27606774ee',
    DEFAULT,
    55135,
    DEFAULT,
    DEFAULT
  ),
  (
    '5029d1b1-04df-5ae3-8b05-508d3301be2d',
    '3629cb88-3690-50bd-8b5e-5d9bd51a64bd',
    '2ab41437-a232-5364-8d8c-afd7e592f769',
    DEFAULT,
    11123,
    DEFAULT,
    DEFAULT
  ),
  (
    'a3f1ddf8-444c-548d-91d0-016f95ab4563',
    '3629cb88-3690-50bd-8b5e-5d9bd51a64bd',
    'c846dca1-d8db-5a88-b21e-69fb1e0597a6',
    DEFAULT,
    25195,
    DEFAULT,
    DEFAULT
  ),
  (
    '6d42d1bc-7648-5b62-98ef-2846678a78e2',
    '3629cb88-3690-50bd-8b5e-5d9bd51a64bd',
    'd7b350c9-3b7a-50a4-98e0-d3a9b640ebbd',
    DEFAULT,
    52559,
    DEFAULT,
    DEFAULT
  ),
  (
    'eb1fdd55-236b-5293-bc59-83771905470e',
    '3629cb88-3690-50bd-8b5e-5d9bd51a64bd',
    '27e06a43-b02f-5e5c-95d4-37a17593a858',
    DEFAULT,
    41115,
    DEFAULT,
    DEFAULT
  ),
  (
    'e5d51c6c-7355-5e9a-a103-23f9dfec1b4b',
    '3629cb88-3690-50bd-8b5e-5d9bd51a64bd',
    '7c5c51d1-dfbb-5694-a394-c977368c624d',
    DEFAULT,
    49657,
    DEFAULT,
    DEFAULT
  ),
  (
    '892ca246-6234-5f21-9011-22f3a250d190',
    '6f68e9f5-e4ac-589c-bce9-542abd060134',
    '5e027a4d-ecd6-5639-8996-e7c2df93e0b1',
    DEFAULT,
    43556,
    DEFAULT,
    DEFAULT
  ),
  (
    '73e6db0d-7906-551b-b962-52a75d6ea118',
    '6f68e9f5-e4ac-589c-bce9-542abd060134',
    'd7b350c9-3b7a-50a4-98e0-d3a9b640ebbd',
    DEFAULT,
    24064,
    DEFAULT,
    DEFAULT
  ),
  (
    'd9ed2fd9-f2f8-5405-af85-80cd71b69488',
    '6f68e9f5-e4ac-589c-bce9-542abd060134',
    '626a24b8-390a-5ee8-911e-8f27606774ee',
    DEFAULT,
    805,
    DEFAULT,
    DEFAULT
  ),
  (
    'f2902491-327a-57d7-a787-47a3b0c7721c',
    '6f68e9f5-e4ac-589c-bce9-542abd060134',
    '11e5fd45-a6d5-50a8-b6ba-34c3e1a835e3',
    DEFAULT,
    123,
    DEFAULT,
    DEFAULT
  ),
  (
    'edff1329-241c-59ed-bae5-adea8c6dbecf',
    '6f68e9f5-e4ac-589c-bce9-542abd060134',
    '27e06a43-b02f-5e5c-95d4-37a17593a858',
    DEFAULT,
    25678,
    DEFAULT,
    DEFAULT
  ),
  (
    'c5bdf700-813d-561c-9f06-7bcf5bf73c35',
    '6f68e9f5-e4ac-589c-bce9-542abd060134',
    '54f26116-0c9b-5ff3-9437-72eb1d37fa00',
    DEFAULT,
    24002,
    DEFAULT,
    DEFAULT
  ),
  (
    'bd66ecd5-1db1-5301-a698-cdc485c36627',
    '6f68e9f5-e4ac-589c-bce9-542abd060134',
    '2ab41437-a232-5364-8d8c-afd7e592f769',
    DEFAULT,
    59514,
    DEFAULT,
    DEFAULT
  ),
  (
    '2925039e-c3fe-50fe-b8f4-19c8e0c486c9',
    '6f68e9f5-e4ac-589c-bce9-542abd060134',
    '7c5c51d1-dfbb-5694-a394-c977368c624d',
    DEFAULT,
    27835,
    DEFAULT,
    DEFAULT
  ),
  (
    '5d5560dd-212d-5314-87cb-61b5ba4549ff',
    'ec49cd64-c545-59c6-99b6-ac19f22a5efe',
    '27e06a43-b02f-5e5c-95d4-37a17593a858',
    DEFAULT,
    9843,
    DEFAULT,
    DEFAULT
  ),
  (
    'bba2253f-9382-566d-8f6b-faf63107a8ab',
    'ec49cd64-c545-59c6-99b6-ac19f22a5efe',
    '7c5c51d1-dfbb-5694-a394-c977368c624d',
    DEFAULT,
    15050,
    DEFAULT,
    DEFAULT
  ),
  (
    '250f881c-a581-59d2-a1e2-c1649550ac83',
    'ec49cd64-c545-59c6-99b6-ac19f22a5efe',
    '626a24b8-390a-5ee8-911e-8f27606774ee',
    DEFAULT,
    5627,
    DEFAULT,
    DEFAULT
  ),
  (
    'ae1ab45b-0fa4-5f98-af69-7278ae5ee38f',
    'ec49cd64-c545-59c6-99b6-ac19f22a5efe',
    '54f26116-0c9b-5ff3-9437-72eb1d37fa00',
    DEFAULT,
    58158,
    DEFAULT,
    DEFAULT
  ),
  (
    '822b9edf-53ce-5e31-b196-106d31b9e33c',
    'ec49cd64-c545-59c6-99b6-ac19f22a5efe',
    'bdcd62e5-fa47-5d89-963c-2a88d91e8608',
    DEFAULT,
    60028,
    DEFAULT,
    DEFAULT
  ),
  (
    '49e9a040-7d1a-524f-bea2-a364fab0d0cb',
    'ec49cd64-c545-59c6-99b6-ac19f22a5efe',
    '5e027a4d-ecd6-5639-8996-e7c2df93e0b1',
    DEFAULT,
    4593,
    DEFAULT,
    DEFAULT
  ),
  (
    '35ee4aaa-64b8-5c05-8233-62a90e451013',
    'ec49cd64-c545-59c6-99b6-ac19f22a5efe',
    '11e5fd45-a6d5-50a8-b6ba-34c3e1a835e3',
    DEFAULT,
    2602,
    DEFAULT,
    DEFAULT
  ),
  (
    '3f6a0f02-14a9-5501-9588-aba593c07db5',
    'ec49cd64-c545-59c6-99b6-ac19f22a5efe',
    'c846dca1-d8db-5a88-b21e-69fb1e0597a6',
    DEFAULT,
    39705,
    DEFAULT,
    DEFAULT
  ),
  (
    'dd3a12b3-87f9-5929-bcea-ea4d3c57419a',
    'a681ab34-3531-5760-9767-720db18d5c9a',
    '626a24b8-390a-5ee8-911e-8f27606774ee',
    DEFAULT,
    7194,
    DEFAULT,
    DEFAULT
  ),
  (
    '0bf3c624-8d40-56a2-a411-faf05c77f618',
    'a681ab34-3531-5760-9767-720db18d5c9a',
    '11e5fd45-a6d5-50a8-b6ba-34c3e1a835e3',
    DEFAULT,
    41990,
    DEFAULT,
    DEFAULT
  ),
  (
    'ca61f1ac-e4e9-56b6-af74-48326701eb04',
    'a681ab34-3531-5760-9767-720db18d5c9a',
    '54f26116-0c9b-5ff3-9437-72eb1d37fa00',
    DEFAULT,
    10195,
    DEFAULT,
    DEFAULT
  ),
  (
    'a009455d-04a8-5a9d-b42c-34c8e8686e56',
    'a681ab34-3531-5760-9767-720db18d5c9a',
    'c846dca1-d8db-5a88-b21e-69fb1e0597a6',
    DEFAULT,
    17267,
    DEFAULT,
    DEFAULT
  ),
  (
    'ec6b852d-6e42-5ccc-afbd-3f31aee8596d',
    'a681ab34-3531-5760-9767-720db18d5c9a',
    'd7b350c9-3b7a-50a4-98e0-d3a9b640ebbd',
    DEFAULT,
    21086,
    DEFAULT,
    DEFAULT
  ),
  (
    'dde3a624-7f88-5928-ae18-d085b458439f',
    'a681ab34-3531-5760-9767-720db18d5c9a',
    '5e027a4d-ecd6-5639-8996-e7c2df93e0b1',
    DEFAULT,
    17991,
    DEFAULT,
    DEFAULT
  ),
  (
    '43f269f7-5dc1-5821-8655-2ceaa8a4ae83',
    'a681ab34-3531-5760-9767-720db18d5c9a',
    'bdcd62e5-fa47-5d89-963c-2a88d91e8608',
    DEFAULT,
    65263,
    DEFAULT,
    DEFAULT
  ),
  (
    'db077ef4-bb9b-5191-a23e-77f071f00627',
    'a681ab34-3531-5760-9767-720db18d5c9a',
    '2ab41437-a232-5364-8d8c-afd7e592f769',
    DEFAULT,
    20207,
    DEFAULT,
    DEFAULT
  ),
  (
    '0ba98b80-2beb-5471-817f-1b89da5293ce',
    'f4c8295a-6084-5933-acf8-9855556e77ba',
    '2ab41437-a232-5364-8d8c-afd7e592f769',
    DEFAULT,
    12386,
    DEFAULT,
    DEFAULT
  ),
  (
    '0142c491-5fbd-562f-8827-a2dda6de7edd',
    'f4c8295a-6084-5933-acf8-9855556e77ba',
    '27e06a43-b02f-5e5c-95d4-37a17593a858',
    DEFAULT,
    10604,
    DEFAULT,
    DEFAULT
  ),
  (
    '44f5fd89-c49e-50dc-80f8-ffb432951788',
    'f4c8295a-6084-5933-acf8-9855556e77ba',
    '626a24b8-390a-5ee8-911e-8f27606774ee',
    DEFAULT,
    5269,
    DEFAULT,
    DEFAULT
  ),
  (
    'f9b4b865-1969-5bf1-986c-2b4aec7bb805',
    'f4c8295a-6084-5933-acf8-9855556e77ba',
    '54f26116-0c9b-5ff3-9437-72eb1d37fa00',
    DEFAULT,
    35699,
    DEFAULT,
    DEFAULT
  ),
  (
    '167d2013-d530-5ff1-bc9b-f140bf34bc85',
    'f4c8295a-6084-5933-acf8-9855556e77ba',
    '11e5fd45-a6d5-50a8-b6ba-34c3e1a835e3',
    DEFAULT,
    3844,
    DEFAULT,
    DEFAULT
  ),
  (
    'd6172f76-0712-5e5d-a0e7-4891828ac63b',
    'f4c8295a-6084-5933-acf8-9855556e77ba',
    '5e027a4d-ecd6-5639-8996-e7c2df93e0b1',
    DEFAULT,
    4840,
    DEFAULT,
    DEFAULT
  ),
  (
    '152a1774-84b5-5948-9528-cb265591bd60',
    'f4c8295a-6084-5933-acf8-9855556e77ba',
    'd7b350c9-3b7a-50a4-98e0-d3a9b640ebbd',
    DEFAULT,
    18084,
    DEFAULT,
    DEFAULT
  ),
  (
    '9d971e1a-7ff2-5389-b82f-b0ea253bbd90',
    'f4c8295a-6084-5933-acf8-9855556e77ba',
    'c846dca1-d8db-5a88-b21e-69fb1e0597a6',
    DEFAULT,
    59291,
    DEFAULT,
    DEFAULT
  ),
  (
    '07ce4a4b-d4ed-5bdc-9379-e44d41bbf325',
    '6957c338-a6fd-5fb3-a79c-b78a97a891d5',
    'bdcd62e5-fa47-5d89-963c-2a88d91e8608',
    DEFAULT,
    29329,
    DEFAULT,
    DEFAULT
  ),
  (
    '59ad2a9d-ff76-52f9-b66c-5ba125338276',
    '6957c338-a6fd-5fb3-a79c-b78a97a891d5',
    'c846dca1-d8db-5a88-b21e-69fb1e0597a6',
    DEFAULT,
    55635,
    DEFAULT,
    DEFAULT
  ),
  (
    '94d197c2-22cc-5ca1-84c6-879c8b9254f7',
    '6957c338-a6fd-5fb3-a79c-b78a97a891d5',
    '7c5c51d1-dfbb-5694-a394-c977368c624d',
    DEFAULT,
    17001,
    DEFAULT,
    DEFAULT
  ),
  (
    'c517f85d-e9c0-54de-bf42-3180fb699024',
    '6957c338-a6fd-5fb3-a79c-b78a97a891d5',
    '27e06a43-b02f-5e5c-95d4-37a17593a858',
    DEFAULT,
    41805,
    DEFAULT,
    DEFAULT
  ),
  (
    '4044e360-2ebe-5687-a22b-c574a82a289a',
    '6957c338-a6fd-5fb3-a79c-b78a97a891d5',
    '54f26116-0c9b-5ff3-9437-72eb1d37fa00',
    DEFAULT,
    52374,
    DEFAULT,
    DEFAULT
  ),
  (
    '6c58f678-962d-5389-86c2-021d3bd59564',
    '6957c338-a6fd-5fb3-a79c-b78a97a891d5',
    'd7b350c9-3b7a-50a4-98e0-d3a9b640ebbd',
    DEFAULT,
    44194,
    DEFAULT,
    DEFAULT
  ),
  (
    '87dd771e-ec35-5589-b773-79a9b2240b2d',
    '6957c338-a6fd-5fb3-a79c-b78a97a891d5',
    '626a24b8-390a-5ee8-911e-8f27606774ee',
    DEFAULT,
    62041,
    DEFAULT,
    DEFAULT
  ),
  (
    '326e0c1b-1afa-5bc7-aee3-09a91ec756ff',
    '6957c338-a6fd-5fb3-a79c-b78a97a891d5',
    '5e027a4d-ecd6-5639-8996-e7c2df93e0b1',
    DEFAULT,
    12095,
    DEFAULT,
    DEFAULT
  ),
  (
    'f5e332f0-2932-5115-b146-9453f717a949',
    '5c0dce2a-ac5e-51d5-87b7-db1202a08263',
    '11e5fd45-a6d5-50a8-b6ba-34c3e1a835e3',
    DEFAULT,
    32509,
    DEFAULT,
    DEFAULT
  ),
  (
    'b1da602c-855b-559b-a4c4-0c11fa6d18be',
    '5c0dce2a-ac5e-51d5-87b7-db1202a08263',
    '7c5c51d1-dfbb-5694-a394-c977368c624d',
    DEFAULT,
    50596,
    DEFAULT,
    DEFAULT
  ),
  (
    'fa861f74-17ba-5553-b9fc-83cd40ccb4ce',
    '5c0dce2a-ac5e-51d5-87b7-db1202a08263',
    'd7b350c9-3b7a-50a4-98e0-d3a9b640ebbd',
    DEFAULT,
    975,
    DEFAULT,
    DEFAULT
  ),
  (
    '2ba5fb70-25e6-5c40-8587-017abb875b43',
    '5c0dce2a-ac5e-51d5-87b7-db1202a08263',
    'c846dca1-d8db-5a88-b21e-69fb1e0597a6',
    DEFAULT,
    19879,
    DEFAULT,
    DEFAULT
  ),
  (
    'd97ef109-3a00-5dfc-91d8-d10f11b97cfe',
    '5c0dce2a-ac5e-51d5-87b7-db1202a08263',
    '27e06a43-b02f-5e5c-95d4-37a17593a858',
    DEFAULT,
    50450,
    DEFAULT,
    DEFAULT
  ),
  (
    '13420ea3-8c92-50a2-b5c3-2e8ba623fd32',
    '5c0dce2a-ac5e-51d5-87b7-db1202a08263',
    '626a24b8-390a-5ee8-911e-8f27606774ee',
    DEFAULT,
    12353,
    DEFAULT,
    DEFAULT
  ),
  (
    '5a6c5a39-cab0-5f6b-a7ca-b7dbc5f24256',
    '5c0dce2a-ac5e-51d5-87b7-db1202a08263',
    '2ab41437-a232-5364-8d8c-afd7e592f769',
    DEFAULT,
    48579,
    DEFAULT,
    DEFAULT
  ),
  (
    '07b105ff-6570-545b-8da8-cf1b65b6b97e',
    '5c0dce2a-ac5e-51d5-87b7-db1202a08263',
    '54f26116-0c9b-5ff3-9437-72eb1d37fa00',
    DEFAULT,
    48318,
    DEFAULT,
    DEFAULT
  ),
  (
    'a1f052e1-eae6-5490-8ae5-98a6d12bde85',
    'a7ad9130-f415-5542-85e1-1d24cd7a95bf',
    '11e5fd45-a6d5-50a8-b6ba-34c3e1a835e3',
    DEFAULT,
    23580,
    DEFAULT,
    DEFAULT
  ),
  (
    '0784dd4d-7764-5b5e-b91f-3aa893462bbc',
    'a7ad9130-f415-5542-85e1-1d24cd7a95bf',
    '7c5c51d1-dfbb-5694-a394-c977368c624d',
    DEFAULT,
    53424,
    DEFAULT,
    DEFAULT
  ),
  (
    '6dc9f875-1490-5d2b-a1cc-597fa3444ed2',
    'a7ad9130-f415-5542-85e1-1d24cd7a95bf',
    '2ab41437-a232-5364-8d8c-afd7e592f769',
    DEFAULT,
    11779,
    DEFAULT,
    DEFAULT
  ),
  (
    'ea477142-2aea-5f6a-940d-bbb25b1192a3',
    'a7ad9130-f415-5542-85e1-1d24cd7a95bf',
    '626a24b8-390a-5ee8-911e-8f27606774ee',
    DEFAULT,
    11390,
    DEFAULT,
    DEFAULT
  ),
  (
    '5cf10157-c1e6-5d34-a295-c86a6d668dda',
    'a7ad9130-f415-5542-85e1-1d24cd7a95bf',
    'd7b350c9-3b7a-50a4-98e0-d3a9b640ebbd',
    DEFAULT,
    35712,
    DEFAULT,
    DEFAULT
  ),
  (
    '739d5904-1cb1-5c8b-9839-d5476b6b585a',
    'a7ad9130-f415-5542-85e1-1d24cd7a95bf',
    'bdcd62e5-fa47-5d89-963c-2a88d91e8608',
    DEFAULT,
    49004,
    DEFAULT,
    DEFAULT
  ),
  (
    'dc64d0d8-6780-5b76-b629-9983374f11d3',
    'a7ad9130-f415-5542-85e1-1d24cd7a95bf',
    '54f26116-0c9b-5ff3-9437-72eb1d37fa00',
    DEFAULT,
    49226,
    DEFAULT,
    DEFAULT
  ),
  (
    '95872044-c8f6-5fc3-998c-6d27e5a1877f',
    'a7ad9130-f415-5542-85e1-1d24cd7a95bf',
    'c846dca1-d8db-5a88-b21e-69fb1e0597a6',
    DEFAULT,
    32485,
    DEFAULT,
    DEFAULT
  ),
  (
    '2e9f9f3c-07d3-50b3-8163-478e42166637',
    '9c7167d7-8374-5ef0-81d0-0655900305e0',
    'c846dca1-d8db-5a88-b21e-69fb1e0597a6',
    DEFAULT,
    22341,
    DEFAULT,
    DEFAULT
  ),
  (
    '15a704fc-e047-516e-80da-9f473342dcde',
    '9c7167d7-8374-5ef0-81d0-0655900305e0',
    '2ab41437-a232-5364-8d8c-afd7e592f769',
    DEFAULT,
    38626,
    DEFAULT,
    DEFAULT
  ),
  (
    'f3830388-f466-5825-8091-73e0033b586e',
    '9c7167d7-8374-5ef0-81d0-0655900305e0',
    '11e5fd45-a6d5-50a8-b6ba-34c3e1a835e3',
    DEFAULT,
    25061,
    DEFAULT,
    DEFAULT
  ),
  (
    'd9bedaf6-9e20-5fb9-ac96-91eadaf2cf25',
    '9c7167d7-8374-5ef0-81d0-0655900305e0',
    '626a24b8-390a-5ee8-911e-8f27606774ee',
    DEFAULT,
    54909,
    DEFAULT,
    DEFAULT
  ),
  (
    '97ad4294-6590-5814-800d-f896380add28',
    '9c7167d7-8374-5ef0-81d0-0655900305e0',
    '27e06a43-b02f-5e5c-95d4-37a17593a858',
    DEFAULT,
    15608,
    DEFAULT,
    DEFAULT
  ),
  (
    '6aff10d5-e110-567b-afb9-fa6122bc5f79',
    '9c7167d7-8374-5ef0-81d0-0655900305e0',
    'bdcd62e5-fa47-5d89-963c-2a88d91e8608',
    DEFAULT,
    42509,
    DEFAULT,
    DEFAULT
  ),
  (
    '53739418-aad2-5553-9538-1ef96bd29fc4',
    '9c7167d7-8374-5ef0-81d0-0655900305e0',
    '54f26116-0c9b-5ff3-9437-72eb1d37fa00',
    DEFAULT,
    60713,
    DEFAULT,
    DEFAULT
  ),
  (
    '7cb25f9d-8089-55ef-8257-f5089462c8b7',
    '9c7167d7-8374-5ef0-81d0-0655900305e0',
    '5e027a4d-ecd6-5639-8996-e7c2df93e0b1',
    DEFAULT,
    14698,
    DEFAULT,
    DEFAULT
  );
INSERT INTO public.tournament_moderators (id, tournament_id, user_id, created_at)
VALUES (
    '3d8e0c05-e235-5083-8714-a052d9e807b2',
    'dd994b58-ce0d-58f2-b6ad-1773be1fad84',
    'bdcd62e5-fa47-5d89-963c-2a88d91e8608',
    DEFAULT
  ),
  (
    'e4959955-0b5a-529a-b3ea-f698312e757d',
    'dd994b58-ce0d-58f2-b6ad-1773be1fad84',
    '5e027a4d-ecd6-5639-8996-e7c2df93e0b1',
    DEFAULT
  ),
  (
    '59ff5de4-9eaa-508b-81dc-1160d2014017',
    '3808e8f9-ac14-5f65-b386-24c0731e646f',
    '5e027a4d-ecd6-5639-8996-e7c2df93e0b1',
    DEFAULT
  ),
  (
    'b1c50b47-d7ae-58ee-84a1-27efdb916609',
    '3808e8f9-ac14-5f65-b386-24c0731e646f',
    '7c5c51d1-dfbb-5694-a394-c977368c624d',
    DEFAULT
  ),
  (
    '1a90cc7c-4b7c-5c2f-9cd7-9c34bc440aeb',
    'a3cf2b31-122f-5493-bbf5-2406005ce94f',
    '626a24b8-390a-5ee8-911e-8f27606774ee',
    DEFAULT
  ),
  (
    'dc88ce3e-c71f-561a-a22c-1a01908e9388',
    'a3cf2b31-122f-5493-bbf5-2406005ce94f',
    '5e027a4d-ecd6-5639-8996-e7c2df93e0b1',
    DEFAULT
  ),
  (
    'c2edfd14-15e0-5d55-a04b-f84992ae7847',
    '3629cb88-3690-50bd-8b5e-5d9bd51a64bd',
    'bdcd62e5-fa47-5d89-963c-2a88d91e8608',
    DEFAULT
  ),
  (
    'e6eaad74-ac74-5774-81bd-74ff730cad1c',
    '3629cb88-3690-50bd-8b5e-5d9bd51a64bd',
    'c846dca1-d8db-5a88-b21e-69fb1e0597a6',
    DEFAULT
  ),
  (
    '178d62ee-cdf5-56a9-bcc2-8100df47f3bc',
    '6f68e9f5-e4ac-589c-bce9-542abd060134',
    '5e027a4d-ecd6-5639-8996-e7c2df93e0b1',
    DEFAULT
  ),
  (
    'dea443ce-df5d-58e8-8baf-6d578c79c815',
    '6f68e9f5-e4ac-589c-bce9-542abd060134',
    '11e5fd45-a6d5-50a8-b6ba-34c3e1a835e3',
    DEFAULT
  ),
  (
    '94e208d9-31fc-5b09-aa61-ff88652ab589',
    'ec49cd64-c545-59c6-99b6-ac19f22a5efe',
    '27e06a43-b02f-5e5c-95d4-37a17593a858',
    DEFAULT
  ),
  (
    '0e0a42bf-ba1c-5c7b-b644-a46659a9410d',
    'ec49cd64-c545-59c6-99b6-ac19f22a5efe',
    '7c5c51d1-dfbb-5694-a394-c977368c624d',
    DEFAULT
  ),
  (
    '2a936a62-d796-5add-b450-3d674ae6e291',
    'a681ab34-3531-5760-9767-720db18d5c9a',
    '626a24b8-390a-5ee8-911e-8f27606774ee',
    DEFAULT
  ),
  (
    'c7b8b7a0-8273-542d-8306-c6b3a2cce5e7',
    'a681ab34-3531-5760-9767-720db18d5c9a',
    '54f26116-0c9b-5ff3-9437-72eb1d37fa00',
    DEFAULT
  ),
  (
    '507932b3-ce7e-5d1c-bc84-4f079f967805',
    'f4c8295a-6084-5933-acf8-9855556e77ba',
    '2ab41437-a232-5364-8d8c-afd7e592f769',
    DEFAULT
  ),
  (
    '16c6ef99-9a2a-5064-9303-cccef1a334b2',
    'f4c8295a-6084-5933-acf8-9855556e77ba',
    '27e06a43-b02f-5e5c-95d4-37a17593a858',
    DEFAULT
  ),
  (
    '57d82d6f-4c5e-501a-a428-7da47e21dbdf',
    '6957c338-a6fd-5fb3-a79c-b78a97a891d5',
    'bdcd62e5-fa47-5d89-963c-2a88d91e8608',
    DEFAULT
  ),
  (
    '9e181aeb-e7ed-56c7-8a24-41ddb0a1b0e8',
    '6957c338-a6fd-5fb3-a79c-b78a97a891d5',
    'd7b350c9-3b7a-50a4-98e0-d3a9b640ebbd',
    DEFAULT
  ),
  (
    'b8a573e5-88b5-51d9-9623-8db69d5ac022',
    '5c0dce2a-ac5e-51d5-87b7-db1202a08263',
    '11e5fd45-a6d5-50a8-b6ba-34c3e1a835e3',
    DEFAULT
  ),
  (
    '0d83158d-1de0-5840-b52f-6afb8f6cda2a',
    '5c0dce2a-ac5e-51d5-87b7-db1202a08263',
    '54f26116-0c9b-5ff3-9437-72eb1d37fa00',
    DEFAULT
  ),
  (
    '563ffad8-626c-5d01-b1d2-9c121891f118',
    'a7ad9130-f415-5542-85e1-1d24cd7a95bf',
    '11e5fd45-a6d5-50a8-b6ba-34c3e1a835e3',
    DEFAULT
  ),
  (
    '44244dd5-319e-5c89-8e4c-eea701407025',
    'a7ad9130-f415-5542-85e1-1d24cd7a95bf',
    'd7b350c9-3b7a-50a4-98e0-d3a9b640ebbd',
    DEFAULT
  ),
  (
    'd1c4fac7-23fe-5450-a119-eddd15bf30a1',
    '9c7167d7-8374-5ef0-81d0-0655900305e0',
    'c846dca1-d8db-5a88-b21e-69fb1e0597a6',
    DEFAULT
  ),
  (
    '619023b3-528c-53f0-bcde-87f7c1ede938',
    '9c7167d7-8374-5ef0-81d0-0655900305e0',
    '2ab41437-a232-5364-8d8c-afd7e592f769',
    DEFAULT
  );
INSERT INTO public.tournament_brackets (
    id,
    tournament_id,
    structure,
    current_round,
    created_at,
    updated_at
  )
VALUES (
    '5faf2192-b203-5072-b3f5-3fa999d274d6',
    'dd994b58-ce0d-58f2-b6ad-1773be1fad84',
    '{"rounds":3,"matches":[]}',
    1,
    DEFAULT,
    DEFAULT
  ),
  (
    '961eb8bb-d455-5698-987c-a286405fb796',
    '1c9c3e1d-84da-5a3b-bc13-2d4eda92ebbb',
    '{"Quod":"Ut homincurat"}',
    DEFAULT,
    DEFAULT,
    DEFAULT
  ),
  (
    'e315379c-1e31-520f-9ba8-4a6e4fd4838c',
    '579ce975-b927-5997-9427-c2cbf441245b',
    '{"Frui":"Turbatura de"}',
    DEFAULT,
    DEFAULT,
    DEFAULT
  ),
  (
    '1d173037-d758-549c-a7c0-d207b4cdc2dd',
    '6307d113-a7a8-54ff-a4da-9da02a9c76b8',
    '{"Et":"Ita videt si"}',
    DEFAULT,
    DEFAULT,
    DEFAULT
  ),
  (
    '8f225488-0b2d-59e4-867b-9f5442803509',
    'b0a0cf89-f5b3-5540-b6b5-0e4bf56406e3',
    '{"Quae":"Ad aut ut"}',
    DEFAULT,
    DEFAULT,
    DEFAULT
  ),
  (
    'daca0dc2-8586-58c3-9bfe-a277456f8a71',
    '3a6af250-bee5-57a5-8e72-bafd7133eeeb',
    '{"Ut":"Mediocritat ipsa"}',
    DEFAULT,
    DEFAULT,
    DEFAULT
  ),
  (
    '7dcfd438-36d8-5c2b-8218-d3ffbac92ec9',
    '21196709-bc2c-56d9-bc95-5088c3665a31',
    '{"Dolorat":"Est tamenturum"}',
    DEFAULT,
    DEFAULT,
    DEFAULT
  ),
  (
    '1448116f-1c1c-58cc-94f0-f2f0e3ae712a',
    '8e83f9cd-01bf-57e3-ac61-0d9acea49cdd',
    '{"Sempersecut":"Motum uti vero"}',
    DEFAULT,
    DEFAULT,
    DEFAULT
  ),
  (
    'd33eaae5-a661-5635-98e4-863402dc067c',
    '018bf51b-b859-554b-8027-7862d0f0bf57',
    '{"Obcaecatas":"Qui temus"}',
    DEFAULT,
    DEFAULT,
    DEFAULT
  ),
  (
    '7b208064-0eca-5203-9ee9-36021181cdea',
    '503a39fb-36cc-580c-8c63-6f9a6e0b5924',
    '{"Autem":"Praeteretiam quidem"}',
    DEFAULT,
    DEFAULT,
    DEFAULT
  ),
  (
    '0baa6bbb-2331-5759-aa8b-379befe3f367',
    'e93d5016-e3f6-568f-a5c3-d6e6a4bb199b',
    '{"Indivit":"Praesenime possunt stultorum"}',
    DEFAULT,
    DEFAULT,
    DEFAULT
  ),
  (
    'f0489a2b-eb36-53d5-9d0b-a8fe00dccb2c',
    '3808e8f9-ac14-5f65-b386-24c0731e646f',
    '{"rounds":3,"matches":[]}',
    1,
    DEFAULT,
    DEFAULT
  ),
  (
    '0a60e793-2273-58e7-ace6-4c60b0411dd2',
    'd58da09b-7be4-5690-8662-a7856db6c959',
    '{"Odia":"Il ecto"}',
    DEFAULT,
    DEFAULT,
    DEFAULT
  ),
  (
    '4ec8a203-4fb7-5ff7-b1ab-fd65967c601c',
    '6f1ba61c-3da5-56e0-992b-4bd02d12269f',
    '{"Verbis":"Penitatib quod"}',
    DEFAULT,
    DEFAULT,
    DEFAULT
  ),
  (
    '32b8361a-d639-5db4-a90b-1ef93f68ddd2',
    '6f3ef896-3abc-5562-9da2-a94cd71ad56d',
    '{"Alitia":"Videt acceditas natur"}',
    DEFAULT,
    DEFAULT,
    DEFAULT
  ),
  (
    'c68ba1e2-1a07-5530-ba91-6d65de33d22e',
    'a0993e11-ec36-5f82-b426-b98664f60e08',
    '{"Autem":"Fortitudin easque"}',
    DEFAULT,
    DEFAULT,
    DEFAULT
  ),
  (
    '416a667d-847f-58cf-88f8-dba779479907',
    '91d0f2ca-a6e7-5618-a039-b8dbe294fcb6',
    '{"Grata":"Is probandi"}',
    DEFAULT,
    DEFAULT,
    DEFAULT
  ),
  (
    '8a9fd53c-7ee0-507c-877c-f7ecb16baedf',
    '22b12823-b496-5668-a890-5cb648919d81',
    '{"Ratio":"Dolore nihiles futur"}',
    DEFAULT,
    DEFAULT,
    DEFAULT
  ),
  (
    'cf8773b5-fbcf-5521-a7f6-2bb189b879bf',
    '7f281de0-a00a-504b-a65f-433dfadd413c',
    '{"Eaque":"Modo adverbum nominum"}',
    DEFAULT,
    DEFAULT,
    DEFAULT
  ),
  (
    'b90f83c4-9bd3-51b1-89b1-6ad88875d6d2',
    'cee384aa-9038-5d6b-860f-2d9f53049c33',
    '{"Cum":"Aliquid incidere id"}',
    DEFAULT,
    DEFAULT,
    DEFAULT
  ),
  (
    'ad1dbf08-8e42-536b-a62f-706f162c3069',
    'cc1e50a7-382c-5935-bfb7-46cc793a6d10',
    '{"Iurias":"Ulentantop hominem sum"}',
    DEFAULT,
    DEFAULT,
    DEFAULT
  ),
  (
    '1963d6bf-9b87-5c9c-bf4c-41b186c0dc8e',
    '1fe358f6-5d56-59ea-82de-2e3de8f73663',
    '{"Principitat":"Ad voluptates quo"}',
    DEFAULT,
    DEFAULT,
    DEFAULT
  ),
  (
    'd3ac1c44-9629-5b86-ae78-7418b967acc7',
    'a3cf2b31-122f-5493-bbf5-2406005ce94f',
    '{"rounds":3,"matches":[]}',
    1,
    DEFAULT,
    DEFAULT
  ),
  (
    'a3b9b92f-49ed-5e93-8030-4ab8b114a9dd',
    '6fe324f5-eafb-5b86-9ff6-6db1761d5801',
    '{"Ut":"Omnisi summa"}',
    DEFAULT,
    DEFAULT,
    DEFAULT
  ),
  (
    'f63a5f48-90f4-510d-b510-413326824d50',
    'b65d1181-0b81-53d8-a956-ffaf88ead371',
    '{"Non":"Ut naturus memin"}',
    DEFAULT,
    DEFAULT,
    DEFAULT
  ),
  (
    '0c7dd84d-84ba-5b79-b977-1cb8ca501e87',
    '99aa8fdc-5e76-53df-af57-721413105642',
    '{"Statim":"Iudicitaq dicenime"}',
    DEFAULT,
    DEFAULT,
    DEFAULT
  ),
  (
    '872e8f6f-c03b-5928-a352-86245f8f85e0',
    '8409ae06-5efd-5ebc-a70d-b3c5fd57e5ca',
    '{"Bona":"Me alii il"}',
    DEFAULT,
    DEFAULT,
    DEFAULT
  ),
  (
    '7c99b1cc-9b21-51f8-bdda-f087f10e6aa0',
    '5754ed10-4b5c-54c2-9ebd-a2c6480843bb',
    '{"Imicis":"Antia id"}',
    DEFAULT,
    DEFAULT,
    DEFAULT
  ),
  (
    'b0ed5881-cb96-5834-bb74-8451e341e702',
    'd2fa4542-eb63-5ba9-bace-6b8e4fed6416',
    '{"Quid":"Nihillus sunt"}',
    DEFAULT,
    DEFAULT,
    DEFAULT
  ),
  (
    'ca430167-3148-5235-b879-b0a18a7a3ec7',
    '8abbe342-da35-5cf3-b317-fa9cfd8943cb',
    '{"Possimi":"Dissentior vulgo ut"}',
    DEFAULT,
    DEFAULT,
    DEFAULT
  ),
  (
    '68ace13b-fed3-5986-b9fd-57988c021b07',
    'c786520e-9953-51aa-8b14-f2c92ddc7daa',
    '{"Ea":"Isdemocrit formavit"}',
    DEFAULT,
    DEFAULT,
    DEFAULT
  ),
  (
    'e3dead0b-60d0-5cee-b47e-1080746de4c8',
    '2a37af4d-0b72-567b-b39b-c8e3b9e20cec',
    '{"Verearum":"Nihil sit pellatindoc"}',
    DEFAULT,
    DEFAULT,
    DEFAULT
  ),
  (
    '9deb47d0-a1e3-5e70-b378-c28a3721c59e',
    'e859b738-9ec4-5fba-8e00-a235def22c8c',
    '{"Persecut":"Si praeclaret"}',
    DEFAULT,
    DEFAULT,
    DEFAULT
  ),
  (
    '23295454-cc15-50f4-921c-92bd92091bee',
    '3629cb88-3690-50bd-8b5e-5d9bd51a64bd',
    '{"rounds":3,"matches":[]}',
    1,
    DEFAULT,
    DEFAULT
  ),
  (
    '6f35e2e4-3b32-53ce-930e-7f8f05051ca2',
    '36ae26e9-d3ef-584a-91d7-99f3a0ee0c8a',
    '{"Voluptate":"Expetit reque"}',
    DEFAULT,
    DEFAULT,
    DEFAULT
  ),
  (
    'f4b7977d-25c4-5991-9da6-d87c1bae0581',
    '7f323b2a-2e4a-5166-be19-832bebea0937',
    '{"Intellegan":"Et alter"}',
    DEFAULT,
    DEFAULT,
    DEFAULT
  ),
  (
    'bcc4c9d5-6420-54f9-b1ec-d651e0978d76',
    '826609b8-ecc0-530a-b3df-499c2f82d96a',
    '{"Ob":"Possimus quam"}',
    DEFAULT,
    DEFAULT,
    DEFAULT
  ),
  (
    '6abecb91-fbb3-521e-9772-f4287f6655a9',
    'e712afa0-0d79-5125-8bd4-d05d04277199',
    '{"Sapienter":"Vivenimus iucunde escenses"}',
    DEFAULT,
    DEFAULT,
    DEFAULT
  ),
  (
    '1ad2aae5-69e3-5fae-81ef-0756b1c47690',
    '2d7607c1-efec-5d9e-b4fd-098f8cc9e44f',
    '{"Multis":"Quid dente"}',
    DEFAULT,
    DEFAULT,
    DEFAULT
  ),
  (
    '5ae437ee-8a0b-5916-96f7-f3e4260d38de',
    '3ca3536e-140c-5c6b-a75c-15abfa669918',
    '{"Et":"Frustra at mirerimiae"}',
    DEFAULT,
    DEFAULT,
    DEFAULT
  ),
  (
    '3ccd66b2-3988-5fd9-93ae-aeb74ae20b88',
    '4cdf8454-b9df-557d-a2ee-98f63f3b0a9d',
    '{"Quibus":"Ipsa amico aut"}',
    DEFAULT,
    DEFAULT,
    DEFAULT
  ),
  (
    '76d3633c-cc85-56b9-809f-40024023fd12',
    '0f7d35c0-3f0e-5c67-af26-eaa84cb6702d',
    '{"Ne":"Exedo iudicium ilem"}',
    DEFAULT,
    DEFAULT,
    DEFAULT
  ),
  (
    'd155cfda-b075-5602-b799-1a21150fe9bb',
    'fcbb414b-17e2-5163-8108-cac68fc1632c',
    '{"Nos":"Dis comprobab omnino"}',
    DEFAULT,
    DEFAULT,
    DEFAULT
  ),
  (
    'af3d5d02-2346-50ad-a248-5450c30fcb4d',
    '69112529-53c0-5647-9df0-07f25f824b0a',
    '{"Nullo":"Facerenim de epicatem"}',
    DEFAULT,
    DEFAULT,
    DEFAULT
  ),
  (
    'f4c2d548-d57e-5d38-924f-7409dc9ca612',
    '6f68e9f5-e4ac-589c-bce9-542abd060134',
    '{"rounds":3,"matches":[]}',
    1,
    DEFAULT,
    DEFAULT
  ),
  (
    'a8ae8823-f1c4-5d4a-ac5c-2ef632de76ba',
    '129b8f84-6cd0-55e3-a75d-c830f60fdd65',
    '{"Inem":"Iam erga"}',
    DEFAULT,
    DEFAULT,
    DEFAULT
  ),
  (
    'a7317a09-0c5c-52cf-b7a9-874ea108fc2b',
    'ed343273-10d3-5077-9d0d-a7b86edf2b36',
    '{"Fit":"In incidia"}',
    DEFAULT,
    DEFAULT,
    DEFAULT
  ),
  (
    '2bcd2b11-78a1-504b-8017-f131781fd112',
    'e13133ca-f745-5f62-a915-b790bcfdbd7a',
    '{"Qui":"Tamus abo"}',
    DEFAULT,
    DEFAULT,
    DEFAULT
  ),
  (
    '309af299-b39f-57c8-9c38-80379d8b0cff',
    '8bfadb1c-23d4-5f5d-934e-b13c89f8b425',
    '{"At":"Ne iam aliendum"}',
    DEFAULT,
    DEFAULT,
    DEFAULT
  ),
  (
    '49edf8bc-9afb-5215-bda4-511039ad5770',
    '9d61a2dc-636f-50e0-8eb3-15728696e4ac',
    '{"Probe":"Sine omnino magis"}',
    DEFAULT,
    DEFAULT,
    DEFAULT
  ),
  (
    '2369fec0-c389-5cca-bf94-826b3fa2edae',
    'bbe7261f-7584-55c8-94c9-93d926b2619e',
    '{"Conter":"Ad quae"}',
    DEFAULT,
    DEFAULT,
    DEFAULT
  ),
  (
    '4842898c-20af-5691-9f13-5fc0c5d7021a',
    'bc57807a-ab82-5c80-8f97-5ab4c8395b66',
    '{"Hoc":"Sententia qui"}',
    DEFAULT,
    DEFAULT,
    DEFAULT
  ),
  (
    '57c4478d-d2f2-5d50-b68e-11ad2d3acb01',
    '900cb448-40ab-5530-97f3-5f0dd5809074',
    '{"Quidem":"Iucunt mea"}',
    DEFAULT,
    DEFAULT,
    DEFAULT
  ),
  (
    '3235acb3-7427-508c-9c92-a65d71466d8c',
    '30f9b84d-f2ad-5d13-a44b-3fd07f7e42df',
    '{"Quae":"Alter praeda"}',
    DEFAULT,
    DEFAULT,
    DEFAULT
  ),
  (
    'ad40c7de-b909-5836-bc83-47909e049ecc',
    '34513478-c902-558d-b4ba-8aaefdc63148',
    '{"Se":"Omni adophiae"}',
    DEFAULT,
    DEFAULT,
    DEFAULT
  ),
  (
    '2d087835-6c16-5401-becd-e1de6b98fb00',
    'ec49cd64-c545-59c6-99b6-ac19f22a5efe',
    '{"rounds":3,"matches":[]}',
    1,
    DEFAULT,
    DEFAULT
  ),
  (
    'b6539359-5905-54e7-856a-02af2f94715b',
    'dc2bc516-14a4-53d2-b057-3547443bea94',
    '{"Verum":"A dolore eo"}',
    DEFAULT,
    DEFAULT,
    DEFAULT
  ),
  (
    '135b9ed3-e650-5a29-8a81-154102a82427',
    '5db2d4fd-f010-5519-b517-e55fbb569098',
    '{"Et":"Aut te videnime"}',
    DEFAULT,
    DEFAULT,
    DEFAULT
  ),
  (
    'd65d69ee-baf2-528f-aa31-0e0f00978690',
    'c3eed88a-f0d6-5f24-9e46-05416a1f7cab',
    '{"Parvam":"Dicenda ut"}',
    DEFAULT,
    DEFAULT,
    DEFAULT
  ),
  (
    'e6737300-2733-5635-a614-56ad4917b6c5',
    '4a94e62d-45f4-5b93-b975-752e4f968790',
    '{"In":"Aut in velintermin"}',
    DEFAULT,
    DEFAULT,
    DEFAULT
  ),
  (
    '3bd19b4f-a65b-5feb-9815-33b7f7e1c998',
    '7494f665-78d0-5bec-86e7-90e1e29631fd',
    '{"Aeterim":"Gratiamus in nullam"}',
    DEFAULT,
    DEFAULT,
    DEFAULT
  ),
  (
    'f330e133-6b98-5803-9192-25652f8044f1',
    '6dc7cc33-d853-5f1a-9a38-3443cc999366',
    '{"Nec":"Cum efficerit"}',
    DEFAULT,
    DEFAULT,
    DEFAULT
  ),
  (
    '3fbb7300-4395-5f64-9b36-1bcf474a0fea',
    '9d64fef5-6f54-572c-8f8f-68fe11417330',
    '{"Singulisse":"Sim maxim profectat"}',
    DEFAULT,
    DEFAULT,
    DEFAULT
  ),
  (
    '7186516b-d6a1-5c30-9f1c-e82b9c2acc18',
    '62553297-1817-5ae2-b563-19eaf82838cb',
    '{"Vel":"Si dolore"}',
    DEFAULT,
    DEFAULT,
    DEFAULT
  ),
  (
    '855ea3d9-dc89-5994-bdcb-aa7b20a397fe',
    '27036570-6686-5ee2-a6a7-bdf1675dfc8d',
    '{"Omnis":"Quid eo"}',
    DEFAULT,
    DEFAULT,
    DEFAULT
  ),
  (
    '3ae8f4ac-660b-531f-ba51-25375b2a2b96',
    'c4a7fe2f-a0aa-53c5-a666-fc3230d361d5',
    '{"Quaeque":"Ut graecum"}',
    DEFAULT,
    DEFAULT,
    DEFAULT
  ),
  (
    '9a92ef0d-1c26-59aa-9d17-ab674b4015d3',
    'a681ab34-3531-5760-9767-720db18d5c9a',
    '{"rounds":3,"matches":[]}',
    1,
    DEFAULT,
    DEFAULT
  ),
  (
    '87da2733-4bca-57cc-b387-453a616bea3a',
    '25f898b4-0894-53df-9d20-b8a4d79f0989',
    '{"Si":"Pulcherrimen metu"}',
    DEFAULT,
    DEFAULT,
    DEFAULT
  ),
  (
    'eabcc181-af13-5d78-800b-e6a41e757bdf',
    '002ac171-fee5-5cf7-8a61-5f1b73f791e7',
    '{"Ad":"In desid omne"}',
    DEFAULT,
    DEFAULT,
    DEFAULT
  ),
  (
    'b236d710-381f-51f2-a2ec-2d93b875245d',
    '9ece068c-8e10-5767-972f-83e03b541571',
    '{"Dicercitus":"Referror parvam sit"}',
    DEFAULT,
    DEFAULT,
    DEFAULT
  ),
  (
    '5a07538a-2d21-544b-be4e-b02d69b3c6a3',
    'ff83483e-ba5b-5e91-9967-37ccda3f1fd1',
    '{"Legunt":"Tantoperab pondeniquos"}',
    DEFAULT,
    DEFAULT,
    DEFAULT
  ),
  (
    '3e736be4-c534-5cd2-bbf4-35b659cc84df',
    'c490ffc0-5972-595e-a7e1-53d86c3aa392',
    '{"Antis":"Fectus nihillo"}',
    DEFAULT,
    DEFAULT,
    DEFAULT
  ),
  (
    'c9c004df-e0bf-58d8-b780-eb41104e4f12',
    '84ce097e-5705-553a-9abd-bc339df87521',
    '{"Epicem":"Vel nunc quarum"}',
    DEFAULT,
    DEFAULT,
    DEFAULT
  ),
  (
    '5a7dcae4-0c48-5a2d-8cf6-408b535827ec',
    'ca14c595-af7f-5761-b87c-506911cc8a55',
    '{"Im":"Quae minus tranquillitter"}',
    DEFAULT,
    DEFAULT,
    DEFAULT
  ),
  (
    '1b98631d-8f9d-5926-806e-8cb3194d721d',
    '084aefad-432a-5f14-b950-9ed230124a9f',
    '{"Ipsis":"Tradunt suo numen"}',
    DEFAULT,
    DEFAULT,
    DEFAULT
  ),
  (
    '96960a06-0c71-510a-a5af-721a6944d637',
    '8562123f-9777-51b7-875b-862f67a9aa16',
    '{"Sic":"Adipsa addidis"}',
    DEFAULT,
    DEFAULT,
    DEFAULT
  ),
  (
    'eff5a913-7bba-58ce-9d02-4d82bbe55071',
    '31c5c549-4571-52eb-b475-5250b486fb2f',
    '{"Hominvenir":"Amus bonoris"}',
    DEFAULT,
    DEFAULT,
    DEFAULT
  ),
  (
    'c4a5dd43-4946-5e11-abb1-482dc178aad3',
    'f4c8295a-6084-5933-acf8-9855556e77ba',
    '{"rounds":3,"matches":[]}',
    1,
    DEFAULT,
    DEFAULT
  ),
  (
    '07faf351-7418-5814-b77a-e4cf35bf6f08',
    '46834684-7946-592f-a1f3-8c13c03852c6',
    '{"Habeat":"Qui bonores abesse"}',
    DEFAULT,
    DEFAULT,
    DEFAULT
  ),
  (
    '8da89e3d-0b84-537d-bccf-ab623af91a19',
    '2c6c0ec5-7a1e-5324-8fc7-d1821b180448',
    '{"Nec":"Mel metu audivolut"}',
    DEFAULT,
    DEFAULT,
    DEFAULT
  ),
  (
    '8986a493-a28b-52c4-9de1-8d4548be259b',
    'c31af368-bef8-54d6-9607-ad1a8241adb7',
    '{"Cur":"Ea sane"}',
    DEFAULT,
    DEFAULT,
    DEFAULT
  ),
  (
    '5923ac67-aa9b-5faf-a220-0a24d6fc1d33',
    'd1d57acd-477b-52fd-9c62-33b7486233de',
    '{"Magna":"Conformidin iuvarum quae"}',
    DEFAULT,
    DEFAULT,
    DEFAULT
  ),
  (
    '51bc85cb-f744-55ca-9f9e-ea1ae91de66b',
    '5a143391-365e-55e9-93e0-7db3451d2157',
    '{"Vestra":"Non omum"}',
    DEFAULT,
    DEFAULT,
    DEFAULT
  ),
  (
    'bf6fc32c-2eb1-5134-9561-c91cc2868ab0',
    '93e7481d-6936-5096-8011-15eb515b8216',
    '{"Patere":"Propos depravarbit"}',
    DEFAULT,
    DEFAULT,
    DEFAULT
  ),
  (
    '23af029a-6b82-5355-bd4b-ca3e41f807f1',
    'f4dea894-cf5a-5e08-8c0c-22908765b23b',
    '{"Exquis":"Et stultorquatum"}',
    DEFAULT,
    DEFAULT,
    DEFAULT
  ),
  (
    '42992ea1-bbdd-5ec5-b6b7-53470cc4853a',
    '1f329be2-ee19-5c26-b53e-e2389713c483',
    '{"Inem":"Satis videre"}',
    DEFAULT,
    DEFAULT,
    DEFAULT
  ),
  (
    '068b642f-56fc-5b5a-aa1e-6f12026a19e4',
    '729241a0-182c-59d2-bb2c-f8ccbb7f909d',
    '{"Igitate":"Neque didicatum"}',
    DEFAULT,
    DEFAULT,
    DEFAULT
  ),
  (
    '2ad235b0-7bf7-5802-b311-afd0c0b82969',
    '6a66185a-6808-5b6b-8d32-8207ac857951',
    '{"Im":"Ilii omnium"}',
    DEFAULT,
    DEFAULT,
    DEFAULT
  ),
  (
    '8a6eb195-390d-591a-b5fa-78ba9bd05962',
    '6957c338-a6fd-5fb3-a79c-b78a97a891d5',
    '{"rounds":3,"matches":[]}',
    1,
    DEFAULT,
    DEFAULT
  ),
  (
    'e6fac811-ff75-5163-b4c6-bc373181a3a3',
    '9ea0f736-a196-57b7-a524-d2b0a3afb038',
    '{"Rebus":"Fabultiman facta"}',
    DEFAULT,
    DEFAULT,
    DEFAULT
  ),
  (
    'b25d3a82-4d68-5755-a42f-1123e8bddea4',
    '49a7d34f-eca3-5b55-8889-fd153a8bad5c',
    '{"Quod":"Fuisse odio igationem"}',
    DEFAULT,
    DEFAULT,
    DEFAULT
  ),
  (
    '701a15dc-a417-5ba1-953a-3e65c177b15f',
    '2113b4a8-4af5-5eb3-843a-01eb08903710',
    '{"Non":"Et quae"}',
    DEFAULT,
    DEFAULT,
    DEFAULT
  ),
  (
    'd8e73191-d545-54f2-b7ae-39ab51f10a90',
    'c6e2dfe9-8d49-561c-9c32-0cc5f54181cf',
    '{"Ab":"Endum infimum"}',
    DEFAULT,
    DEFAULT,
    DEFAULT
  ),
  (
    '1b0d8761-0883-5ce8-ad43-5bea2aa8ce5d',
    'a3f64eb8-f53f-5b65-9d3e-b0aacea4e173',
    '{"Maiorum":"Vita leganim ait"}',
    DEFAULT,
    DEFAULT,
    DEFAULT
  ),
  (
    'f7afe12e-cf3b-5f8a-986e-2d4e6bcba3f1',
    '1b9089ff-c1ad-5cc9-bb38-d3d666242d61',
    '{"Sed":"Voluptat aut hausta"}',
    DEFAULT,
    DEFAULT,
    DEFAULT
  ),
  (
    '4d47bd34-c25b-5e10-b049-185bff661493',
    '8ce0506f-d22b-5351-8e2b-1f324f2ff928',
    '{"Cum":"Sed voluptata viam"}',
    DEFAULT,
    DEFAULT,
    DEFAULT
  ),
  (
    'bb4db0e8-f034-55fa-8ac7-4bee5910f755',
    '2e1c34da-53f5-5c1d-81be-252b73ef1780',
    '{"Non":"Duo at"}',
    DEFAULT,
    DEFAULT,
    DEFAULT
  ),
  (
    'd3d3ca6f-e7ec-57bf-bf37-5e1800fc6b5b',
    'b31f981a-a82c-543c-bc3c-76dd89208c7e',
    '{"Causa":"Infimum qui sero"}',
    DEFAULT,
    DEFAULT,
    DEFAULT
  ),
  (
    '97c0ea9b-35b8-56e8-88ae-94fb1d0852f7',
    '4126b169-27ec-5e91-af19-dc5d1c6d383b',
    '{"Feceret":"Est acest"}',
    DEFAULT,
    DEFAULT,
    DEFAULT
  ),
  (
    '0f7788a5-54e7-5271-b317-c2783eef5b78',
    '5c0dce2a-ac5e-51d5-87b7-db1202a08263',
    '{"rounds":3,"matches":[]}',
    1,
    DEFAULT,
    DEFAULT
  ),
  (
    '5a4eea1a-9024-52a0-995c-be08893c6f7d',
    '6ae7c1bb-f697-5d3c-a5cf-f221ec4ab55f',
    '{"Perant":"Quidem ulare"}',
    DEFAULT,
    DEFAULT,
    DEFAULT
  ),
  (
    '063d7f64-1e47-5352-b8b6-27d98d158e4b',
    '1a9ce427-9dc1-58da-a66f-c07a15ea9dc0',
    '{"Quam":"Adversa quae"}',
    DEFAULT,
    DEFAULT,
    DEFAULT
  ),
  (
    '1fc7ae44-a8ce-532a-9c3f-fb6562eab29f',
    'ee2d65f5-34c8-55ee-87fd-20b67c119ae6',
    '{"Nam":"Et res"}',
    DEFAULT,
    DEFAULT,
    DEFAULT
  ),
  (
    '79891e6c-6b2a-504e-968a-5bd20631cf87',
    'ac489d27-6898-5192-9c76-23306f289237',
    '{"Nacti":"Cum audiam cere"}',
    DEFAULT,
    DEFAULT,
    DEFAULT
  ),
  (
    '91bdde06-f291-5ad3-93d3-e8c6adc71c2d',
    '5aa9cab4-2ea9-54b3-86a0-f5e5cceaeaf9',
    '{"Non":"Imus videt perpetenim"}',
    DEFAULT,
    DEFAULT,
    DEFAULT
  ),
  (
    '4fbe1847-0290-57ef-a6f5-c4e966a81dc5',
    '25154733-6984-5de0-b465-e0244bb88600',
    '{"Et":"Nullo eius"}',
    DEFAULT,
    DEFAULT,
    DEFAULT
  ),
  (
    'fc695009-9129-57a6-a9a8-5ceee0ccae99',
    '62dfe29a-006c-5f85-abca-4d348beb8e0a',
    '{"Inquit":"Qui et"}',
    DEFAULT,
    DEFAULT,
    DEFAULT
  ),
  (
    '6f6a86e1-b968-55db-99a8-93cc4e86c229',
    '8c3d0f66-f82d-530e-831b-9999db836187',
    '{"Confirmitat":"Sapiens deorumque laberendae"}',
    DEFAULT,
    DEFAULT,
    DEFAULT
  ),
  (
    '7180489c-929f-5894-9483-fb4e05cfd31c',
    'dde65588-c3bf-53f1-8566-59d960dd2aab',
    '{"Nos":"Ad mea sollicamus"}',
    DEFAULT,
    DEFAULT,
    DEFAULT
  ),
  (
    '866fedcb-0628-5158-a81f-000ff53551d4',
    '647e279b-69bf-5716-b947-91daa59183c6',
    '{"Vel":"Inquit fieri"}',
    DEFAULT,
    DEFAULT,
    DEFAULT
  ),
  (
    '56f50857-080a-5208-a72e-9af7173fcc38',
    'a7ad9130-f415-5542-85e1-1d24cd7a95bf',
    '{"rounds":3,"matches":[]}',
    1,
    DEFAULT,
    DEFAULT
  ),
  (
    'cc7f0a7c-a349-52fc-a650-3a0379d8493c',
    '00d90eac-3c77-5133-b6d0-2335100476c6',
    '{"Suo":"Eret bonum"}',
    DEFAULT,
    DEFAULT,
    DEFAULT
  ),
  (
    '61e88c36-f837-559a-87e4-ba2b844641c9',
    'cb821791-8007-5ad2-87f1-cd5d9bbe18c4',
    '{"Uto":"Ularentan pararum"}',
    DEFAULT,
    DEFAULT,
    DEFAULT
  ),
  (
    '646da282-f682-56f2-b7c1-24fa9f87ec91',
    'cf10eb64-5eb4-5591-9279-ca21051b65b3',
    '{"Graecos":"Omnia antiquit quae"}',
    DEFAULT,
    DEFAULT,
    DEFAULT
  ),
  (
    '28bba1d0-bc05-5c64-91c6-25c25fe10668',
    'ad3a2d98-c05e-554d-bf2f-d5d05cf1138c',
    '{"Et":"Ego atque"}',
    DEFAULT,
    DEFAULT,
    DEFAULT
  ),
  (
    '1530df15-2f82-5510-bd46-8924cae5bbad',
    '576d0a1b-ee80-5a86-8917-5686f87e1bcd',
    '{"Ea":"Eoque torquem a"}',
    DEFAULT,
    DEFAULT,
    DEFAULT
  ),
  (
    'c244e4b6-1b5a-5bad-aefc-338f03e4b66f',
    'b1b215ef-6e09-5f8d-9718-7d982383007d',
    '{"Sed":"Voluptat cere idere"}',
    DEFAULT,
    DEFAULT,
    DEFAULT
  ),
  (
    '5bee2724-be3c-5a95-9557-a541ca708a26',
    '6909ac9f-60c8-5e78-9eb6-3177153e237f',
    '{"Scripta":"Clamatque amplificur"}',
    DEFAULT,
    DEFAULT,
    DEFAULT
  ),
  (
    '78f21941-a159-50f8-9a3d-ac6ac649dd40',
    '82166831-1c9b-55c6-bcfa-4441991afa96',
    '{"Tum":"Corpore effectum etur"}',
    DEFAULT,
    DEFAULT,
    DEFAULT
  ),
  (
    '2f3eba1e-64ec-5fbd-849f-6c57973cea16',
    '2dab2705-d39e-5fd4-9d82-725e16f90513',
    '{"Vider":"Putangusta medeam"}',
    DEFAULT,
    DEFAULT,
    DEFAULT
  ),
  (
    'bf1255a5-26d2-5d12-baee-0a84e5a96875',
    'd605b96e-5b2d-552f-a1fc-96e22c542b7e',
    '{"Inest":"Id cognitione potest"}',
    DEFAULT,
    DEFAULT,
    DEFAULT
  ),
  (
    '05462f10-7a6d-5358-94dc-de3f3e9a7828',
    '9c7167d7-8374-5ef0-81d0-0655900305e0',
    '{"rounds":3,"matches":[]}',
    1,
    DEFAULT,
    DEFAULT
  ),
  (
    '56c4911c-ac82-5bb7-83ec-6869dee04cd0',
    '63604124-79e7-57fa-a905-338fa25ef717',
    '{"Videorum":"Talibus eas"}',
    DEFAULT,
    DEFAULT,
    DEFAULT
  ),
  (
    '4a5f5a34-51b2-51b2-a7cf-4f91d82047b1',
    'f0054e0a-c2d6-50e1-93ba-07df1bc86ae3',
    '{"Discedera":"Quorum sint"}',
    DEFAULT,
    DEFAULT,
    DEFAULT
  ),
  (
    '8ae178d9-b4f3-5c6f-9041-df2db5d12f98',
    '9a243166-87f8-54ff-a1a8-f26d4068a716',
    '{"Putane":"Ant ut"}',
    DEFAULT,
    DEFAULT,
    DEFAULT
  ),
  (
    '05cf7161-afc3-5cd6-bd2d-5b7cd8d013fd',
    '876dc887-f44b-51e0-9295-76a37ed73a6b',
    '{"Sicut":"Collaudate in delecto"}',
    DEFAULT,
    DEFAULT,
    DEFAULT
  ),
  (
    'f8622438-fb44-50cd-a713-caa0c175084f',
    '70e11b0b-a69d-53e8-90e9-c61dfb82c008',
    '{"Fugiaturque":"Pueri tam"}',
    DEFAULT,
    DEFAULT,
    DEFAULT
  ),
  (
    'c05f3ea6-5693-58fd-9d2b-a997d1c06898',
    '4b2b0c7d-211e-525b-a79d-8e6281cec906',
    '{"Placebitias":"Sicut dicitissim"}',
    DEFAULT,
    DEFAULT,
    DEFAULT
  ),
  (
    '5747a382-68f5-5b58-97ec-4dd3ad19554f',
    'e1f65017-4c2c-5e70-afec-213b6e63978a',
    '{"Itur":"Naturus collegendam"}',
    DEFAULT,
    DEFAULT,
    DEFAULT
  ),
  (
    '6098706c-f6d2-5b3f-91f8-5b98979c8989',
    'f28b1a22-cd91-506e-b176-a606891f90ea',
    '{"Admone":"Sentenebit aliqui ipsa"}',
    DEFAULT,
    DEFAULT,
    DEFAULT
  ),
  (
    '5d5c2662-b472-5ba3-8265-6ed88eeb5dc6',
    'd3231c20-b74c-5060-b249-a2b52c9a96a5',
    '{"Tem":"Causamicium quibus cum"}',
    DEFAULT,
    DEFAULT,
    DEFAULT
  ),
  (
    'ed2c4c9e-a4cd-58d3-b33e-d056a61a1e2e',
    'ec48f142-3b6d-5767-8eb6-ccf194785571',
    '{"Falsarum":"Conectant inbecilius vis"}',
    DEFAULT,
    DEFAULT,
    DEFAULT
  );
INSERT INTO public.tournament_matches (
    id,
    tournament_id,
    bracket_id,
    round,
    match_number,
    participant1_id,
    participant2_id,
    winner_id,
    status,
    score_participant1,
    score_participant2,
    created_at,
    updated_at
  )
VALUES (
    '137e8363-1923-5763-8cf8-d388223fde08',
    'dd994b58-ce0d-58f2-b6ad-1773be1fad84',
    '961eb8bb-d455-5698-987c-a286405fb796',
    1,
    1,
    NULL,
    NULL,
    NULL,
    'pending',
    24319,
    25557,
    DEFAULT,
    DEFAULT
  ),
  (
    '051caf86-f641-57b4-825d-244608be9938',
    'dd994b58-ce0d-58f2-b6ad-1773be1fad84',
    'e315379c-1e31-520f-9ba8-4a6e4fd4838c',
    1,
    1,
    NULL,
    NULL,
    NULL,
    'pending',
    8821,
    63976,
    DEFAULT,
    DEFAULT
  ),
  (
    'd8f483e3-52b1-5a82-ab5e-e4e29e08aef4',
    'dd994b58-ce0d-58f2-b6ad-1773be1fad84',
    '1d173037-d758-549c-a7c0-d207b4cdc2dd',
    1,
    1,
    NULL,
    NULL,
    NULL,
    'pending',
    64528,
    37608,
    DEFAULT,
    DEFAULT
  ),
  (
    'ecc1730f-9810-5f95-848a-c1d3d4ea204a',
    'dd994b58-ce0d-58f2-b6ad-1773be1fad84',
    '8f225488-0b2d-59e4-867b-9f5442803509',
    1,
    1,
    NULL,
    NULL,
    NULL,
    'pending',
    64913,
    4937,
    DEFAULT,
    DEFAULT
  ),
  (
    '833c775b-08a4-5b6d-a1ea-ce0304d719ba',
    'dd994b58-ce0d-58f2-b6ad-1773be1fad84',
    'daca0dc2-8586-58c3-9bfe-a277456f8a71',
    1,
    1,
    NULL,
    NULL,
    NULL,
    'pending',
    47489,
    13722,
    DEFAULT,
    DEFAULT
  ),
  (
    'a59c4c8e-b699-5092-8b4e-dfa62c82be25',
    'dd994b58-ce0d-58f2-b6ad-1773be1fad84',
    '7dcfd438-36d8-5c2b-8218-d3ffbac92ec9',
    1,
    1,
    NULL,
    NULL,
    NULL,
    'pending',
    60002,
    59820,
    DEFAULT,
    DEFAULT
  ),
  (
    '8105e758-8483-564f-85ec-6cb1f3979fcc',
    'dd994b58-ce0d-58f2-b6ad-1773be1fad84',
    '1448116f-1c1c-58cc-94f0-f2f0e3ae712a',
    1,
    1,
    NULL,
    NULL,
    NULL,
    'pending',
    49831,
    37974,
    DEFAULT,
    DEFAULT
  ),
  (
    '4a7f777e-7154-5d97-adf4-076de10e7ec7',
    'dd994b58-ce0d-58f2-b6ad-1773be1fad84',
    'd33eaae5-a661-5635-98e4-863402dc067c',
    1,
    1,
    NULL,
    NULL,
    NULL,
    'pending',
    65031,
    58880,
    DEFAULT,
    DEFAULT
  ),
  (
    '03f062d8-7ffa-55c0-89f0-5fcb925f3b88',
    'dd994b58-ce0d-58f2-b6ad-1773be1fad84',
    '7b208064-0eca-5203-9ee9-36021181cdea',
    1,
    1,
    NULL,
    NULL,
    NULL,
    'pending',
    19712,
    56931,
    DEFAULT,
    DEFAULT
  ),
  (
    '28c5aeff-e1aa-5f40-9b93-e42aa4e82e5d',
    'dd994b58-ce0d-58f2-b6ad-1773be1fad84',
    '0baa6bbb-2331-5759-aa8b-379befe3f367',
    1,
    1,
    NULL,
    NULL,
    NULL,
    'pending',
    41860,
    4082,
    DEFAULT,
    DEFAULT
  ),
  (
    '109a314d-4625-52a2-9b21-61dfbecad9a9',
    '3808e8f9-ac14-5f65-b386-24c0731e646f',
    '0a60e793-2273-58e7-ace6-4c60b0411dd2',
    1,
    2,
    NULL,
    NULL,
    NULL,
    'pending',
    25183,
    14797,
    DEFAULT,
    DEFAULT
  ),
  (
    'a858ff54-ec9f-5e5a-ba7d-9e8b52dda561',
    '3808e8f9-ac14-5f65-b386-24c0731e646f',
    '4ec8a203-4fb7-5ff7-b1ab-fd65967c601c',
    1,
    2,
    NULL,
    NULL,
    NULL,
    'pending',
    58495,
    43975,
    DEFAULT,
    DEFAULT
  ),
  (
    '68c97f05-5b53-5049-9e88-c2f923eb1157',
    '3808e8f9-ac14-5f65-b386-24c0731e646f',
    '32b8361a-d639-5db4-a90b-1ef93f68ddd2',
    1,
    2,
    NULL,
    NULL,
    NULL,
    'pending',
    53439,
    59271,
    DEFAULT,
    DEFAULT
  ),
  (
    '1ce8a39f-fbee-530d-897e-1347c4cb35ce',
    '3808e8f9-ac14-5f65-b386-24c0731e646f',
    'c68ba1e2-1a07-5530-ba91-6d65de33d22e',
    1,
    2,
    NULL,
    NULL,
    NULL,
    'pending',
    42158,
    56945,
    DEFAULT,
    DEFAULT
  ),
  (
    '8776e7fd-7305-52ae-bf53-a251ce4b5d45',
    '3808e8f9-ac14-5f65-b386-24c0731e646f',
    '416a667d-847f-58cf-88f8-dba779479907',
    1,
    2,
    NULL,
    NULL,
    NULL,
    'pending',
    10636,
    9732,
    DEFAULT,
    DEFAULT
  ),
  (
    '670fa554-828a-59e8-b75c-ca1d3e76aa90',
    '3808e8f9-ac14-5f65-b386-24c0731e646f',
    '8a9fd53c-7ee0-507c-877c-f7ecb16baedf',
    1,
    2,
    NULL,
    NULL,
    NULL,
    'pending',
    33926,
    9709,
    DEFAULT,
    DEFAULT
  ),
  (
    '37a7f2fe-c717-5266-9176-234d69142a3e',
    '3808e8f9-ac14-5f65-b386-24c0731e646f',
    'cf8773b5-fbcf-5521-a7f6-2bb189b879bf',
    1,
    2,
    NULL,
    NULL,
    NULL,
    'pending',
    58921,
    5858,
    DEFAULT,
    DEFAULT
  ),
  (
    'fbcc2562-1b44-53e8-93ea-44759805edfb',
    '3808e8f9-ac14-5f65-b386-24c0731e646f',
    'b90f83c4-9bd3-51b1-89b1-6ad88875d6d2',
    1,
    2,
    NULL,
    NULL,
    NULL,
    'pending',
    28452,
    52126,
    DEFAULT,
    DEFAULT
  ),
  (
    '75f6c007-69c4-5c61-8243-b20ecf9aa160',
    '3808e8f9-ac14-5f65-b386-24c0731e646f',
    'ad1dbf08-8e42-536b-a62f-706f162c3069',
    1,
    2,
    NULL,
    NULL,
    NULL,
    'pending',
    62538,
    60434,
    DEFAULT,
    DEFAULT
  ),
  (
    '14b3e1f2-6c33-5abf-91de-1f44bc3beafe',
    '3808e8f9-ac14-5f65-b386-24c0731e646f',
    '1963d6bf-9b87-5c9c-bf4c-41b186c0dc8e',
    1,
    2,
    NULL,
    NULL,
    NULL,
    'pending',
    21687,
    23244,
    DEFAULT,
    DEFAULT
  ),
  (
    '067ddcc8-6c67-5eb1-9acb-e4ee0d447851',
    'a3cf2b31-122f-5493-bbf5-2406005ce94f',
    'a3b9b92f-49ed-5e93-8030-4ab8b114a9dd',
    1,
    3,
    NULL,
    NULL,
    NULL,
    'pending',
    37608,
    43253,
    DEFAULT,
    DEFAULT
  ),
  (
    'e694e5e9-14d8-5974-a685-b466fed5ca13',
    'a3cf2b31-122f-5493-bbf5-2406005ce94f',
    'f63a5f48-90f4-510d-b510-413326824d50',
    1,
    3,
    NULL,
    NULL,
    NULL,
    'pending',
    33521,
    8080,
    DEFAULT,
    DEFAULT
  ),
  (
    'b5a5105b-f4da-59c7-885e-39de3e3ffdf4',
    'a3cf2b31-122f-5493-bbf5-2406005ce94f',
    '0c7dd84d-84ba-5b79-b977-1cb8ca501e87',
    1,
    3,
    NULL,
    NULL,
    NULL,
    'pending',
    7043,
    46311,
    DEFAULT,
    DEFAULT
  ),
  (
    '3cc620d3-29bb-5966-97b3-a3eeb0b3fd5b',
    'a3cf2b31-122f-5493-bbf5-2406005ce94f',
    '872e8f6f-c03b-5928-a352-86245f8f85e0',
    1,
    3,
    NULL,
    NULL,
    NULL,
    'pending',
    9518,
    32846,
    DEFAULT,
    DEFAULT
  ),
  (
    '2203c43e-fc68-5f65-a940-bf04a81f4b11',
    'a3cf2b31-122f-5493-bbf5-2406005ce94f',
    '7c99b1cc-9b21-51f8-bdda-f087f10e6aa0',
    1,
    3,
    NULL,
    NULL,
    NULL,
    'pending',
    2598,
    58365,
    DEFAULT,
    DEFAULT
  ),
  (
    'e2ca848e-cf19-5f9e-8096-5b3a250734aa',
    'a3cf2b31-122f-5493-bbf5-2406005ce94f',
    'b0ed5881-cb96-5834-bb74-8451e341e702',
    1,
    3,
    NULL,
    NULL,
    NULL,
    'pending',
    13420,
    15256,
    DEFAULT,
    DEFAULT
  ),
  (
    '1c531e33-132d-517c-9439-6a3439886bc6',
    'a3cf2b31-122f-5493-bbf5-2406005ce94f',
    'ca430167-3148-5235-b879-b0a18a7a3ec7',
    1,
    3,
    NULL,
    NULL,
    NULL,
    'pending',
    29175,
    50046,
    DEFAULT,
    DEFAULT
  ),
  (
    '03822716-9c37-572a-b499-e9898787886b',
    'a3cf2b31-122f-5493-bbf5-2406005ce94f',
    '68ace13b-fed3-5986-b9fd-57988c021b07',
    1,
    3,
    NULL,
    NULL,
    NULL,
    'pending',
    32392,
    2613,
    DEFAULT,
    DEFAULT
  ),
  (
    '0bd473cf-1f5a-56a7-8ea3-d3568e706db1',
    'a3cf2b31-122f-5493-bbf5-2406005ce94f',
    'e3dead0b-60d0-5cee-b47e-1080746de4c8',
    1,
    3,
    NULL,
    NULL,
    NULL,
    'pending',
    57223,
    30223,
    DEFAULT,
    DEFAULT
  ),
  (
    '954aecfc-4cf9-572c-9d89-4e2f57cc91c2',
    'a3cf2b31-122f-5493-bbf5-2406005ce94f',
    '9deb47d0-a1e3-5e70-b378-c28a3721c59e',
    1,
    3,
    NULL,
    NULL,
    NULL,
    'pending',
    54721,
    23974,
    DEFAULT,
    DEFAULT
  ),
  (
    'ab111564-2060-5567-92f2-c41d5143e932',
    '3629cb88-3690-50bd-8b5e-5d9bd51a64bd',
    '6f35e2e4-3b32-53ce-930e-7f8f05051ca2',
    1,
    4,
    NULL,
    NULL,
    NULL,
    'pending',
    63382,
    23495,
    DEFAULT,
    DEFAULT
  ),
  (
    '011e5646-a13e-55dd-924d-d7a372166766',
    '3629cb88-3690-50bd-8b5e-5d9bd51a64bd',
    'f4b7977d-25c4-5991-9da6-d87c1bae0581',
    1,
    4,
    NULL,
    NULL,
    NULL,
    'pending',
    59203,
    60898,
    DEFAULT,
    DEFAULT
  ),
  (
    'e763e84d-461a-51a1-adc5-48663341235d',
    '3629cb88-3690-50bd-8b5e-5d9bd51a64bd',
    'bcc4c9d5-6420-54f9-b1ec-d651e0978d76',
    1,
    4,
    NULL,
    NULL,
    NULL,
    'pending',
    36291,
    6295,
    DEFAULT,
    DEFAULT
  ),
  (
    '8862c7bc-001f-5210-8cdb-798652d7c63b',
    '3629cb88-3690-50bd-8b5e-5d9bd51a64bd',
    '6abecb91-fbb3-521e-9772-f4287f6655a9',
    1,
    4,
    NULL,
    NULL,
    NULL,
    'pending',
    3644,
    21265,
    DEFAULT,
    DEFAULT
  ),
  (
    'd42516e7-bc05-567f-b33c-b9aa34800749',
    '3629cb88-3690-50bd-8b5e-5d9bd51a64bd',
    '1ad2aae5-69e3-5fae-81ef-0756b1c47690',
    1,
    4,
    NULL,
    NULL,
    NULL,
    'pending',
    38844,
    44749,
    DEFAULT,
    DEFAULT
  ),
  (
    'a7744861-49cd-59d7-9a05-389fc077f426',
    '3629cb88-3690-50bd-8b5e-5d9bd51a64bd',
    '5ae437ee-8a0b-5916-96f7-f3e4260d38de',
    1,
    4,
    NULL,
    NULL,
    NULL,
    'pending',
    23110,
    13196,
    DEFAULT,
    DEFAULT
  ),
  (
    'c99d1c9b-c15b-550f-8ff4-1cae78cc69be',
    '3629cb88-3690-50bd-8b5e-5d9bd51a64bd',
    '3ccd66b2-3988-5fd9-93ae-aeb74ae20b88',
    1,
    4,
    NULL,
    NULL,
    NULL,
    'pending',
    9915,
    61433,
    DEFAULT,
    DEFAULT
  ),
  (
    '6cc77216-db11-5aca-a145-8f95a2a57e8d',
    '3629cb88-3690-50bd-8b5e-5d9bd51a64bd',
    '76d3633c-cc85-56b9-809f-40024023fd12',
    1,
    4,
    NULL,
    NULL,
    NULL,
    'pending',
    33605,
    19310,
    DEFAULT,
    DEFAULT
  ),
  (
    '16893e99-5f5b-5396-a858-2c7c3bceb44a',
    '3629cb88-3690-50bd-8b5e-5d9bd51a64bd',
    'd155cfda-b075-5602-b799-1a21150fe9bb',
    1,
    4,
    NULL,
    NULL,
    NULL,
    'pending',
    64906,
    9675,
    DEFAULT,
    DEFAULT
  ),
  (
    '4a318e36-3c93-57c1-8482-c80819c1ee80',
    '3629cb88-3690-50bd-8b5e-5d9bd51a64bd',
    'af3d5d02-2346-50ad-a248-5450c30fcb4d',
    1,
    4,
    NULL,
    NULL,
    NULL,
    'pending',
    13958,
    1159,
    DEFAULT,
    DEFAULT
  ),
  (
    '158dcc3c-ddca-58ed-ab14-354da31711ef',
    '6f68e9f5-e4ac-589c-bce9-542abd060134',
    'a8ae8823-f1c4-5d4a-ac5c-2ef632de76ba',
    1,
    5,
    NULL,
    NULL,
    NULL,
    'pending',
    32087,
    24649,
    DEFAULT,
    DEFAULT
  ),
  (
    '1e9b0393-cb33-58ef-8143-3a3a4df3faba',
    '6f68e9f5-e4ac-589c-bce9-542abd060134',
    'a7317a09-0c5c-52cf-b7a9-874ea108fc2b',
    1,
    5,
    NULL,
    NULL,
    NULL,
    'pending',
    41264,
    42405,
    DEFAULT,
    DEFAULT
  ),
  (
    'd7560e71-802b-570e-90d9-ec585957ff88',
    '6f68e9f5-e4ac-589c-bce9-542abd060134',
    '2bcd2b11-78a1-504b-8017-f131781fd112',
    1,
    5,
    NULL,
    NULL,
    NULL,
    'pending',
    32541,
    49354,
    DEFAULT,
    DEFAULT
  ),
  (
    '50b56210-a9e7-5303-b1fe-11a224149122',
    '6f68e9f5-e4ac-589c-bce9-542abd060134',
    '309af299-b39f-57c8-9c38-80379d8b0cff',
    1,
    5,
    NULL,
    NULL,
    NULL,
    'pending',
    32396,
    53891,
    DEFAULT,
    DEFAULT
  ),
  (
    '80254fc7-fda8-5e9c-8510-cb882d1aba54',
    '6f68e9f5-e4ac-589c-bce9-542abd060134',
    '49edf8bc-9afb-5215-bda4-511039ad5770',
    1,
    5,
    NULL,
    NULL,
    NULL,
    'pending',
    18520,
    41950,
    DEFAULT,
    DEFAULT
  ),
  (
    '72d21f15-e3ad-5e0a-b7ce-f52b49b7fb45',
    '6f68e9f5-e4ac-589c-bce9-542abd060134',
    '2369fec0-c389-5cca-bf94-826b3fa2edae',
    1,
    5,
    NULL,
    NULL,
    NULL,
    'pending',
    11469,
    19274,
    DEFAULT,
    DEFAULT
  ),
  (
    '69133c4a-45cd-5d28-8148-b0b6618157cb',
    '6f68e9f5-e4ac-589c-bce9-542abd060134',
    '4842898c-20af-5691-9f13-5fc0c5d7021a',
    1,
    5,
    NULL,
    NULL,
    NULL,
    'pending',
    36007,
    42281,
    DEFAULT,
    DEFAULT
  ),
  (
    '836a3592-dc24-5dad-bd13-135a53c1b33f',
    '6f68e9f5-e4ac-589c-bce9-542abd060134',
    '57c4478d-d2f2-5d50-b68e-11ad2d3acb01',
    1,
    5,
    NULL,
    NULL,
    NULL,
    'pending',
    57957,
    63307,
    DEFAULT,
    DEFAULT
  ),
  (
    'db125cef-5abe-57fa-af86-3eea57da6069',
    '6f68e9f5-e4ac-589c-bce9-542abd060134',
    '3235acb3-7427-508c-9c92-a65d71466d8c',
    1,
    5,
    NULL,
    NULL,
    NULL,
    'pending',
    42413,
    12082,
    DEFAULT,
    DEFAULT
  ),
  (
    'ec5721d5-52fc-5862-b484-a4a746950022',
    '6f68e9f5-e4ac-589c-bce9-542abd060134',
    'ad40c7de-b909-5836-bc83-47909e049ecc',
    1,
    5,
    NULL,
    NULL,
    NULL,
    'pending',
    41590,
    60094,
    DEFAULT,
    DEFAULT
  ),
  (
    '291438d3-52ef-582d-9ae5-8f98eab219dd',
    'ec49cd64-c545-59c6-99b6-ac19f22a5efe',
    'b6539359-5905-54e7-856a-02af2f94715b',
    1,
    6,
    NULL,
    NULL,
    NULL,
    'pending',
    2528,
    11759,
    DEFAULT,
    DEFAULT
  ),
  (
    '02ea0f5d-e306-5d77-a9af-e966cd6e8c82',
    'ec49cd64-c545-59c6-99b6-ac19f22a5efe',
    '135b9ed3-e650-5a29-8a81-154102a82427',
    1,
    6,
    NULL,
    NULL,
    NULL,
    'pending',
    2971,
    4367,
    DEFAULT,
    DEFAULT
  ),
  (
    'bbd926e6-baab-5710-ae92-18c5a88181d3',
    'ec49cd64-c545-59c6-99b6-ac19f22a5efe',
    'd65d69ee-baf2-528f-aa31-0e0f00978690',
    1,
    6,
    NULL,
    NULL,
    NULL,
    'pending',
    7131,
    34346,
    DEFAULT,
    DEFAULT
  ),
  (
    '2c5da580-d30a-5ba2-aa52-e11f38d0578a',
    'ec49cd64-c545-59c6-99b6-ac19f22a5efe',
    'e6737300-2733-5635-a614-56ad4917b6c5',
    1,
    6,
    NULL,
    NULL,
    NULL,
    'pending',
    47599,
    252,
    DEFAULT,
    DEFAULT
  ),
  (
    '046df499-fd3a-54d0-9e25-85abbeb9d760',
    'ec49cd64-c545-59c6-99b6-ac19f22a5efe',
    '3bd19b4f-a65b-5feb-9815-33b7f7e1c998',
    1,
    6,
    NULL,
    NULL,
    NULL,
    'pending',
    12896,
    61160,
    DEFAULT,
    DEFAULT
  ),
  (
    '21c503c0-d735-5b45-b0a9-3f9ba246bb1c',
    'ec49cd64-c545-59c6-99b6-ac19f22a5efe',
    'f330e133-6b98-5803-9192-25652f8044f1',
    1,
    6,
    NULL,
    NULL,
    NULL,
    'pending',
    25880,
    27013,
    DEFAULT,
    DEFAULT
  ),
  (
    'e6805574-7e4d-5f0f-a22f-d5197400603a',
    'ec49cd64-c545-59c6-99b6-ac19f22a5efe',
    '3fbb7300-4395-5f64-9b36-1bcf474a0fea',
    1,
    6,
    NULL,
    NULL,
    NULL,
    'pending',
    15882,
    54959,
    DEFAULT,
    DEFAULT
  ),
  (
    'bdad94b9-ed78-545a-838a-ef2fcac11f32',
    'ec49cd64-c545-59c6-99b6-ac19f22a5efe',
    '7186516b-d6a1-5c30-9f1c-e82b9c2acc18',
    1,
    6,
    NULL,
    NULL,
    NULL,
    'pending',
    65191,
    26365,
    DEFAULT,
    DEFAULT
  ),
  (
    '35fae5fc-3fca-50e7-bec4-3b2ff3e2d1db',
    'ec49cd64-c545-59c6-99b6-ac19f22a5efe',
    '855ea3d9-dc89-5994-bdcb-aa7b20a397fe',
    1,
    6,
    NULL,
    NULL,
    NULL,
    'pending',
    60011,
    46318,
    DEFAULT,
    DEFAULT
  ),
  (
    '6270aa34-b85c-5953-9c0f-ba924343f42a',
    'ec49cd64-c545-59c6-99b6-ac19f22a5efe',
    '3ae8f4ac-660b-531f-ba51-25375b2a2b96',
    1,
    6,
    NULL,
    NULL,
    NULL,
    'pending',
    63273,
    40969,
    DEFAULT,
    DEFAULT
  ),
  (
    '2750787d-8e85-5d8b-b9b2-5570a6ad0a3a',
    'a681ab34-3531-5760-9767-720db18d5c9a',
    '87da2733-4bca-57cc-b387-453a616bea3a',
    1,
    7,
    NULL,
    NULL,
    NULL,
    'pending',
    17417,
    57755,
    DEFAULT,
    DEFAULT
  ),
  (
    '4e48dbdf-166e-54af-9712-4f55a2f983b2',
    'a681ab34-3531-5760-9767-720db18d5c9a',
    'eabcc181-af13-5d78-800b-e6a41e757bdf',
    1,
    7,
    NULL,
    NULL,
    NULL,
    'pending',
    20887,
    3088,
    DEFAULT,
    DEFAULT
  ),
  (
    'e6127629-c673-5fc1-a98d-1f4b2b92f8e9',
    'a681ab34-3531-5760-9767-720db18d5c9a',
    'b236d710-381f-51f2-a2ec-2d93b875245d',
    1,
    7,
    NULL,
    NULL,
    NULL,
    'pending',
    45159,
    15935,
    DEFAULT,
    DEFAULT
  ),
  (
    '70999c85-3180-5c82-910c-21f0599b056a',
    'a681ab34-3531-5760-9767-720db18d5c9a',
    '5a07538a-2d21-544b-be4e-b02d69b3c6a3',
    1,
    7,
    NULL,
    NULL,
    NULL,
    'pending',
    42810,
    4401,
    DEFAULT,
    DEFAULT
  ),
  (
    '2f18dce6-e29f-5b96-b348-ba6f90d21840',
    'a681ab34-3531-5760-9767-720db18d5c9a',
    '3e736be4-c534-5cd2-bbf4-35b659cc84df',
    1,
    7,
    NULL,
    NULL,
    NULL,
    'pending',
    61961,
    27708,
    DEFAULT,
    DEFAULT
  ),
  (
    '96688447-d956-5a86-baaf-50bcd7764044',
    'a681ab34-3531-5760-9767-720db18d5c9a',
    'c9c004df-e0bf-58d8-b780-eb41104e4f12',
    1,
    7,
    NULL,
    NULL,
    NULL,
    'pending',
    36105,
    11957,
    DEFAULT,
    DEFAULT
  ),
  (
    'f425177d-2d2f-5776-8996-7500d9dc4938',
    'a681ab34-3531-5760-9767-720db18d5c9a',
    '5a7dcae4-0c48-5a2d-8cf6-408b535827ec',
    1,
    7,
    NULL,
    NULL,
    NULL,
    'pending',
    50071,
    43539,
    DEFAULT,
    DEFAULT
  ),
  (
    '2f12dfb6-7b2e-5278-9e9e-056d588fd4e3',
    'a681ab34-3531-5760-9767-720db18d5c9a',
    '1b98631d-8f9d-5926-806e-8cb3194d721d',
    1,
    7,
    NULL,
    NULL,
    NULL,
    'pending',
    56038,
    29839,
    DEFAULT,
    DEFAULT
  ),
  (
    '9b0814dd-2ee4-5fe5-bc4e-9f660b1cb2ad',
    'a681ab34-3531-5760-9767-720db18d5c9a',
    '96960a06-0c71-510a-a5af-721a6944d637',
    1,
    7,
    NULL,
    NULL,
    NULL,
    'pending',
    357,
    45977,
    DEFAULT,
    DEFAULT
  ),
  (
    'bda3bd96-a964-5fd6-9556-f6b9a440a110',
    'a681ab34-3531-5760-9767-720db18d5c9a',
    'eff5a913-7bba-58ce-9d02-4d82bbe55071',
    1,
    7,
    NULL,
    NULL,
    NULL,
    'pending',
    25620,
    61520,
    DEFAULT,
    DEFAULT
  ),
  (
    '5e614145-0a62-5eb6-8cbb-52500db520d4',
    'f4c8295a-6084-5933-acf8-9855556e77ba',
    '07faf351-7418-5814-b77a-e4cf35bf6f08',
    1,
    8,
    NULL,
    NULL,
    NULL,
    'pending',
    17211,
    1016,
    DEFAULT,
    DEFAULT
  ),
  (
    'd792bf65-e3de-5776-9373-5b6ee34b1c5c',
    'f4c8295a-6084-5933-acf8-9855556e77ba',
    '8da89e3d-0b84-537d-bccf-ab623af91a19',
    1,
    8,
    NULL,
    NULL,
    NULL,
    'pending',
    53126,
    44367,
    DEFAULT,
    DEFAULT
  ),
  (
    'c126afc7-5556-5882-bb3e-c1aeb96d3e13',
    'f4c8295a-6084-5933-acf8-9855556e77ba',
    '8986a493-a28b-52c4-9de1-8d4548be259b',
    1,
    8,
    NULL,
    NULL,
    NULL,
    'pending',
    60217,
    1642,
    DEFAULT,
    DEFAULT
  ),
  (
    '165d0454-79e9-5742-a5ea-d85e04452231',
    'f4c8295a-6084-5933-acf8-9855556e77ba',
    '5923ac67-aa9b-5faf-a220-0a24d6fc1d33',
    1,
    8,
    NULL,
    NULL,
    NULL,
    'pending',
    44463,
    36334,
    DEFAULT,
    DEFAULT
  ),
  (
    'f2e9553e-08dc-5b3a-86ae-0046a645475c',
    'f4c8295a-6084-5933-acf8-9855556e77ba',
    '51bc85cb-f744-55ca-9f9e-ea1ae91de66b',
    1,
    8,
    NULL,
    NULL,
    NULL,
    'pending',
    49996,
    1433,
    DEFAULT,
    DEFAULT
  ),
  (
    'a1cc187c-5b2c-5604-b849-82b6e0024b42',
    'f4c8295a-6084-5933-acf8-9855556e77ba',
    'bf6fc32c-2eb1-5134-9561-c91cc2868ab0',
    1,
    8,
    NULL,
    NULL,
    NULL,
    'pending',
    28185,
    50209,
    DEFAULT,
    DEFAULT
  ),
  (
    'cfcc9f0d-e66e-5deb-abd7-616ddd55f91e',
    'f4c8295a-6084-5933-acf8-9855556e77ba',
    '23af029a-6b82-5355-bd4b-ca3e41f807f1',
    1,
    8,
    NULL,
    NULL,
    NULL,
    'pending',
    52283,
    40032,
    DEFAULT,
    DEFAULT
  ),
  (
    'd046348c-cbbf-551d-baaf-3ec8a2b9e5a4',
    'f4c8295a-6084-5933-acf8-9855556e77ba',
    '42992ea1-bbdd-5ec5-b6b7-53470cc4853a',
    1,
    8,
    NULL,
    NULL,
    NULL,
    'pending',
    39391,
    41942,
    DEFAULT,
    DEFAULT
  ),
  (
    'e2eb2fbf-c55e-5da8-b870-dbd9fbf9b3e8',
    'f4c8295a-6084-5933-acf8-9855556e77ba',
    '068b642f-56fc-5b5a-aa1e-6f12026a19e4',
    1,
    8,
    NULL,
    NULL,
    NULL,
    'pending',
    57385,
    64138,
    DEFAULT,
    DEFAULT
  ),
  (
    '16935234-ed1d-5cc3-a13b-95f25c800a7b',
    'f4c8295a-6084-5933-acf8-9855556e77ba',
    '2ad235b0-7bf7-5802-b311-afd0c0b82969',
    1,
    8,
    NULL,
    NULL,
    NULL,
    'pending',
    27537,
    17697,
    DEFAULT,
    DEFAULT
  ),
  (
    '5a3b3db4-93e3-5479-9dff-89b8d6884945',
    '6957c338-a6fd-5fb3-a79c-b78a97a891d5',
    'e6fac811-ff75-5163-b4c6-bc373181a3a3',
    1,
    9,
    NULL,
    NULL,
    NULL,
    'pending',
    51622,
    21479,
    DEFAULT,
    DEFAULT
  ),
  (
    '0b1c07d7-c2f8-5ce4-841d-b59806bdecb5',
    '6957c338-a6fd-5fb3-a79c-b78a97a891d5',
    'b25d3a82-4d68-5755-a42f-1123e8bddea4',
    1,
    9,
    NULL,
    NULL,
    NULL,
    'pending',
    31963,
    40065,
    DEFAULT,
    DEFAULT
  ),
  (
    '1d50c101-c5d6-5883-b681-ca08e68306b9',
    '6957c338-a6fd-5fb3-a79c-b78a97a891d5',
    '701a15dc-a417-5ba1-953a-3e65c177b15f',
    1,
    9,
    NULL,
    NULL,
    NULL,
    'pending',
    22522,
    17761,
    DEFAULT,
    DEFAULT
  ),
  (
    'a31c4e64-4c56-57fd-acd0-51c960c74cfc',
    '6957c338-a6fd-5fb3-a79c-b78a97a891d5',
    'd8e73191-d545-54f2-b7ae-39ab51f10a90',
    1,
    9,
    NULL,
    NULL,
    NULL,
    'pending',
    65233,
    39613,
    DEFAULT,
    DEFAULT
  ),
  (
    '03f260ef-4f88-5dcc-9355-ee6699fd4448',
    '6957c338-a6fd-5fb3-a79c-b78a97a891d5',
    '1b0d8761-0883-5ce8-ad43-5bea2aa8ce5d',
    1,
    9,
    NULL,
    NULL,
    NULL,
    'pending',
    52660,
    41570,
    DEFAULT,
    DEFAULT
  ),
  (
    'dccbe9d0-32cd-51c9-80b1-d4642f294db9',
    '6957c338-a6fd-5fb3-a79c-b78a97a891d5',
    'f7afe12e-cf3b-5f8a-986e-2d4e6bcba3f1',
    1,
    9,
    NULL,
    NULL,
    NULL,
    'pending',
    20632,
    32243,
    DEFAULT,
    DEFAULT
  ),
  (
    'ec9d6300-0475-5c81-ab97-be7ee4fed771',
    '6957c338-a6fd-5fb3-a79c-b78a97a891d5',
    '4d47bd34-c25b-5e10-b049-185bff661493',
    1,
    9,
    NULL,
    NULL,
    NULL,
    'pending',
    24606,
    122,
    DEFAULT,
    DEFAULT
  ),
  (
    'd08676c4-b5be-527a-9eb2-e83265fcbf81',
    '6957c338-a6fd-5fb3-a79c-b78a97a891d5',
    'bb4db0e8-f034-55fa-8ac7-4bee5910f755',
    1,
    9,
    NULL,
    NULL,
    NULL,
    'pending',
    1569,
    27172,
    DEFAULT,
    DEFAULT
  ),
  (
    'ec974815-9f68-501d-b977-f348701b40ab',
    '6957c338-a6fd-5fb3-a79c-b78a97a891d5',
    'd3d3ca6f-e7ec-57bf-bf37-5e1800fc6b5b',
    1,
    9,
    NULL,
    NULL,
    NULL,
    'pending',
    31252,
    56134,
    DEFAULT,
    DEFAULT
  ),
  (
    'dc884fd9-0cd6-5ba8-b657-6da8c8ea3580',
    '6957c338-a6fd-5fb3-a79c-b78a97a891d5',
    '97c0ea9b-35b8-56e8-88ae-94fb1d0852f7',
    1,
    9,
    NULL,
    NULL,
    NULL,
    'pending',
    59529,
    3759,
    DEFAULT,
    DEFAULT
  ),
  (
    '56b2b918-d0ad-548e-8cc5-6007ab2a4f07',
    '5c0dce2a-ac5e-51d5-87b7-db1202a08263',
    '5a4eea1a-9024-52a0-995c-be08893c6f7d',
    1,
    10,
    NULL,
    NULL,
    NULL,
    'pending',
    36986,
    16672,
    DEFAULT,
    DEFAULT
  ),
  (
    'e774656a-d0a4-517f-8904-dcca3944b6d1',
    '5c0dce2a-ac5e-51d5-87b7-db1202a08263',
    '063d7f64-1e47-5352-b8b6-27d98d158e4b',
    1,
    10,
    NULL,
    NULL,
    NULL,
    'pending',
    28913,
    40706,
    DEFAULT,
    DEFAULT
  ),
  (
    '4e3346e6-f085-5473-9ccb-7a78eef86f07',
    '5c0dce2a-ac5e-51d5-87b7-db1202a08263',
    '1fc7ae44-a8ce-532a-9c3f-fb6562eab29f',
    1,
    10,
    NULL,
    NULL,
    NULL,
    'pending',
    44777,
    37531,
    DEFAULT,
    DEFAULT
  ),
  (
    '2cb62e14-64c4-5bbc-813e-ad6307673087',
    '5c0dce2a-ac5e-51d5-87b7-db1202a08263',
    '79891e6c-6b2a-504e-968a-5bd20631cf87',
    1,
    10,
    NULL,
    NULL,
    NULL,
    'pending',
    19350,
    26402,
    DEFAULT,
    DEFAULT
  ),
  (
    '943ee82d-8f13-50e5-9254-e1f3c31fee2b',
    '5c0dce2a-ac5e-51d5-87b7-db1202a08263',
    '91bdde06-f291-5ad3-93d3-e8c6adc71c2d',
    1,
    10,
    NULL,
    NULL,
    NULL,
    'pending',
    25246,
    51150,
    DEFAULT,
    DEFAULT
  ),
  (
    '4119d956-e3c2-580a-89e8-194ceb2cd1e2',
    '5c0dce2a-ac5e-51d5-87b7-db1202a08263',
    '4fbe1847-0290-57ef-a6f5-c4e966a81dc5',
    1,
    10,
    NULL,
    NULL,
    NULL,
    'pending',
    23022,
    47479,
    DEFAULT,
    DEFAULT
  ),
  (
    '050865b5-d0f1-5197-9fef-55b9d0a1a0b7',
    '5c0dce2a-ac5e-51d5-87b7-db1202a08263',
    'fc695009-9129-57a6-a9a8-5ceee0ccae99',
    1,
    10,
    NULL,
    NULL,
    NULL,
    'pending',
    44319,
    30243,
    DEFAULT,
    DEFAULT
  ),
  (
    '7ebbb554-b7ea-5d95-8d76-c8ba6704315d',
    '5c0dce2a-ac5e-51d5-87b7-db1202a08263',
    '6f6a86e1-b968-55db-99a8-93cc4e86c229',
    1,
    10,
    NULL,
    NULL,
    NULL,
    'pending',
    42266,
    47683,
    DEFAULT,
    DEFAULT
  ),
  (
    '27bf42ff-5af7-58da-b933-1983c8611aea',
    '5c0dce2a-ac5e-51d5-87b7-db1202a08263',
    '7180489c-929f-5894-9483-fb4e05cfd31c',
    1,
    10,
    NULL,
    NULL,
    NULL,
    'pending',
    53141,
    38830,
    DEFAULT,
    DEFAULT
  ),
  (
    'b8d40d4e-33ff-5bd7-9a9c-426c08c181fc',
    '5c0dce2a-ac5e-51d5-87b7-db1202a08263',
    '866fedcb-0628-5158-a81f-000ff53551d4',
    1,
    10,
    NULL,
    NULL,
    NULL,
    'pending',
    58452,
    43163,
    DEFAULT,
    DEFAULT
  ),
  (
    'a105c21a-cf76-5771-b0d8-166f22abb4b5',
    'a7ad9130-f415-5542-85e1-1d24cd7a95bf',
    'cc7f0a7c-a349-52fc-a650-3a0379d8493c',
    1,
    11,
    NULL,
    NULL,
    NULL,
    'pending',
    53256,
    36652,
    DEFAULT,
    DEFAULT
  ),
  (
    '1c5be65d-255c-5be1-854f-f39587a73c35',
    'a7ad9130-f415-5542-85e1-1d24cd7a95bf',
    '61e88c36-f837-559a-87e4-ba2b844641c9',
    1,
    11,
    NULL,
    NULL,
    NULL,
    'pending',
    41768,
    38435,
    DEFAULT,
    DEFAULT
  ),
  (
    '30ce26e9-4dba-5066-8bcf-65064cd14931',
    'a7ad9130-f415-5542-85e1-1d24cd7a95bf',
    '646da282-f682-56f2-b7c1-24fa9f87ec91',
    1,
    11,
    NULL,
    NULL,
    NULL,
    'pending',
    31042,
    4763,
    DEFAULT,
    DEFAULT
  ),
  (
    '6e1afa79-5cc2-598e-879d-32975ce803dc',
    'a7ad9130-f415-5542-85e1-1d24cd7a95bf',
    '28bba1d0-bc05-5c64-91c6-25c25fe10668',
    1,
    11,
    NULL,
    NULL,
    NULL,
    'pending',
    55799,
    35313,
    DEFAULT,
    DEFAULT
  ),
  (
    'eed77c19-4ae5-5502-8aa3-1d7ce41f5cef',
    'a7ad9130-f415-5542-85e1-1d24cd7a95bf',
    '1530df15-2f82-5510-bd46-8924cae5bbad',
    1,
    11,
    NULL,
    NULL,
    NULL,
    'pending',
    19357,
    57994,
    DEFAULT,
    DEFAULT
  ),
  (
    'cc78dfa7-c246-5632-a55e-9b98d4cd76d4',
    'a7ad9130-f415-5542-85e1-1d24cd7a95bf',
    'c244e4b6-1b5a-5bad-aefc-338f03e4b66f',
    1,
    11,
    NULL,
    NULL,
    NULL,
    'pending',
    47098,
    57533,
    DEFAULT,
    DEFAULT
  ),
  (
    '445c4693-42e0-57e0-8449-a30b541c0e58',
    'a7ad9130-f415-5542-85e1-1d24cd7a95bf',
    '5bee2724-be3c-5a95-9557-a541ca708a26',
    1,
    11,
    NULL,
    NULL,
    NULL,
    'pending',
    19093,
    32138,
    DEFAULT,
    DEFAULT
  ),
  (
    'ff27f4b1-28a3-5847-a755-9f87ad915293',
    'a7ad9130-f415-5542-85e1-1d24cd7a95bf',
    '78f21941-a159-50f8-9a3d-ac6ac649dd40',
    1,
    11,
    NULL,
    NULL,
    NULL,
    'pending',
    53156,
    60471,
    DEFAULT,
    DEFAULT
  ),
  (
    '86750411-0f44-5fa0-af2b-c7ca81cde54c',
    'a7ad9130-f415-5542-85e1-1d24cd7a95bf',
    '2f3eba1e-64ec-5fbd-849f-6c57973cea16',
    1,
    11,
    NULL,
    NULL,
    NULL,
    'pending',
    35303,
    55732,
    DEFAULT,
    DEFAULT
  ),
  (
    '07adfd86-dac2-581d-b827-628a85263493',
    'a7ad9130-f415-5542-85e1-1d24cd7a95bf',
    'bf1255a5-26d2-5d12-baee-0a84e5a96875',
    1,
    11,
    NULL,
    NULL,
    NULL,
    'pending',
    57662,
    5837,
    DEFAULT,
    DEFAULT
  ),
  (
    '1276a1dd-2743-5a49-a717-2af18d45431b',
    '9c7167d7-8374-5ef0-81d0-0655900305e0',
    '56c4911c-ac82-5bb7-83ec-6869dee04cd0',
    1,
    12,
    NULL,
    NULL,
    NULL,
    'pending',
    41976,
    13727,
    DEFAULT,
    DEFAULT
  ),
  (
    'd22f53c2-d8f7-5de6-bddc-d0ac3b3f0003',
    '9c7167d7-8374-5ef0-81d0-0655900305e0',
    '4a5f5a34-51b2-51b2-a7cf-4f91d82047b1',
    1,
    12,
    NULL,
    NULL,
    NULL,
    'pending',
    52323,
    48563,
    DEFAULT,
    DEFAULT
  ),
  (
    'ae2401fc-f8bb-5723-8473-368b4b3afe5a',
    '9c7167d7-8374-5ef0-81d0-0655900305e0',
    '8ae178d9-b4f3-5c6f-9041-df2db5d12f98',
    1,
    12,
    NULL,
    NULL,
    NULL,
    'pending',
    11473,
    23345,
    DEFAULT,
    DEFAULT
  ),
  (
    '509105bb-2df5-57d8-811b-ebd51150c708',
    '9c7167d7-8374-5ef0-81d0-0655900305e0',
    '05cf7161-afc3-5cd6-bd2d-5b7cd8d013fd',
    1,
    12,
    NULL,
    NULL,
    NULL,
    'pending',
    48129,
    591,
    DEFAULT,
    DEFAULT
  ),
  (
    '8b98fe94-ccda-5d9d-8a0c-bfd691db9683',
    '9c7167d7-8374-5ef0-81d0-0655900305e0',
    'f8622438-fb44-50cd-a713-caa0c175084f',
    1,
    12,
    NULL,
    NULL,
    NULL,
    'pending',
    2372,
    22417,
    DEFAULT,
    DEFAULT
  ),
  (
    '9742c7d9-1145-5b5f-b0aa-212cbe9b64c8',
    '9c7167d7-8374-5ef0-81d0-0655900305e0',
    'c05f3ea6-5693-58fd-9d2b-a997d1c06898',
    1,
    12,
    NULL,
    NULL,
    NULL,
    'pending',
    9037,
    18490,
    DEFAULT,
    DEFAULT
  ),
  (
    'd49dea00-66ea-5ae7-9793-d589f4404ef7',
    '9c7167d7-8374-5ef0-81d0-0655900305e0',
    '5747a382-68f5-5b58-97ec-4dd3ad19554f',
    1,
    12,
    NULL,
    NULL,
    NULL,
    'pending',
    62143,
    63960,
    DEFAULT,
    DEFAULT
  ),
  (
    'f0724457-2890-57cd-9db0-90d8f3ed4338',
    '9c7167d7-8374-5ef0-81d0-0655900305e0',
    '6098706c-f6d2-5b3f-91f8-5b98979c8989',
    1,
    12,
    NULL,
    NULL,
    NULL,
    'pending',
    5602,
    64708,
    DEFAULT,
    DEFAULT
  ),
  (
    'a0f52298-c526-513b-be98-77fa90c6f039',
    '9c7167d7-8374-5ef0-81d0-0655900305e0',
    '5d5c2662-b472-5ba3-8265-6ed88eeb5dc6',
    1,
    12,
    NULL,
    NULL,
    NULL,
    'pending',
    60450,
    64083,
    DEFAULT,
    DEFAULT
  ),
  (
    '728387ec-d384-5852-ac2e-1829cf9418d3',
    '9c7167d7-8374-5ef0-81d0-0655900305e0',
    'ed2c4c9e-a4cd-58d3-b33e-d056a61a1e2e',
    1,
    12,
    NULL,
    NULL,
    NULL,
    'pending',
    45878,
    20963,
    DEFAULT,
    DEFAULT
  );